IP地址,端口,TLS,数据中心,地区,城市,网络延迟,下载速度
185.148.106.16,443,true,LAX,North America,Los Angeles,200 ms,15352 kB/s
192.0.54.103,443,true,LAX,North America,Los Angeles,181 ms,15333 kB/s
31.22.116.27,443,true,LAX,North America,Los Angeles,193 ms,15137 kB/s
159.112.235.88,443,true,LAX,North America,Los Angeles,188 ms,15015 kB/s
212.183.88.20,443,true,LAX,North America,Los Angeles,179 ms,14968 kB/s
66.235.200.162,443,true,LAX,North America,Los Angeles,189 ms,14957 kB/s
45.159.219.88,443,true,LAX,North America,Los Angeles,185 ms,14908 kB/s
45.159.216.180,443,true,LAX,North America,Los Angeles,184 ms,14830 kB/s
103.184.45.249,443,true,LAX,North America,Los Angeles,195 ms,14761 kB/s
104.254.140.80,443,true,LAX,North America,Los Angeles,191 ms,14761 kB/s
185.18.250.233,443,true,LAX,North America,Los Angeles,195 ms,14709 kB/s
45.142.120.147,443,true,LAX,North America,Los Angeles,184 ms,14680 kB/s
185.135.9.217,443,true,LAX,North America,Los Angeles,211 ms,14679 kB/s
91.193.58.161,443,true,LAX,North America,Los Angeles,179 ms,14672 kB/s
154.85.99.159,443,true,LAX,North America,Los Angeles,192 ms,14590 kB/s
108.165.216.65,443,true,LAX,North America,Los Angeles,186 ms,14517 kB/s
147.185.161.17,443,true,LAX,North America,Los Angeles,205 ms,14503 kB/s
216.116.134.105,443,true,LAX,North America,Los Angeles,187 ms,14466 kB/s
170.114.45.251,443,true,LAX,North America,Los Angeles,190 ms,14389 kB/s
185.238.228.58,443,true,LAX,North America,Los Angeles,196 ms,14378 kB/s
185.59.218.50,443,true,LAX,North America,Los Angeles,190 ms,14291 kB/s
199.181.197.56,443,true,LAX,North America,Los Angeles,194 ms,14241 kB/s
192.200.160.107,443,true,LAX,North America,Los Angeles,204 ms,14220 kB/s
188.42.88.98,443,true,LAX,North America,Los Angeles,199 ms,14101 kB/s
194.36.55.42,443,true,LAX,North America,Los Angeles,204 ms,14056 kB/s
185.146.173.166,443,true,LAX,North America,Los Angeles,182 ms,14021 kB/s
185.148.107.108,443,true,LAX,North America,Los Angeles,203 ms,14011 kB/s
159.246.55.60,443,true,LAX,North America,Los Angeles,197 ms,13983 kB/s
194.76.18.155,443,true,LAX,North America,Los Angeles,200 ms,13976 kB/s
188.42.89.98,443,true,LAX,North America,Los Angeles,199 ms,13964 kB/s
198.62.62.103,443,true,LAX,North America,Los Angeles,200 ms,13907 kB/s
170.114.46.97,443,true,LAX,North America,Los Angeles,200 ms,13883 kB/s
216.24.57.143,443,true,LAX,North America,Los Angeles,219 ms,13779 kB/s
192.0.63.93,443,true,LAX,North America,Los Angeles,196 ms,13751 kB/s
188.244.122.112,443,true,LAX,North America,Los Angeles,207 ms,13709 kB/s
194.87.58.60,443,true,LAX,North America,Los Angeles,195 ms,13205 kB/s
193.9.49.150,443,true,LAX,North America,Los Angeles,202 ms,12942 kB/s
185.148.105.51,443,true,LAX,North America,Los Angeles,189 ms,12354 kB/s
104.16.241.197,443,true,SJC,North America,San Jose,167 ms,0 kB/s
104.18.175.204,443,true,SJC,North America,San Jose,163 ms,0 kB/s
104.18.69.40,443,true,SJC,North America,San Jose,143 ms,0 kB/s
104.17.52.114,443,true,SJC,North America,San Jose,143 ms,0 kB/s
104.16.170.71,443,true,SJC,North America,San Jose,136 ms,0 kB/s
104.18.82.127,443,true,SJC,North America,San Jose,143 ms,0 kB/s
104.18.97.178,443,true,SJC,North America,San Jose,148 ms,0 kB/s
104.17.6.128,443,true,SJC,North America,San Jose,132 ms,0 kB/s
104.19.221.85,443,true,SJC,North America,San Jose,171 ms,0 kB/s
104.18.84.205,443,true,SJC,North America,San Jose,146 ms,0 kB/s
104.17.19.6,443,true,SJC,North America,San Jose,149 ms,0 kB/s
104.16.224.248,443,true,SJC,North America,San Jose,149 ms,0 kB/s
104.17.35.80,443,true,SJC,North America,San Jose,137 ms,0 kB/s
190.93.247.171,443,true,SJC,North America,San Jose,143 ms,0 kB/s
104.16.29.37,443,true,SJC,North America,San Jose,143 ms,0 kB/s
104.19.248.217,443,true,SJC,North America,San Jose,133 ms,0 kB/s
104.16.230.150,443,true,SJC,North America,San Jose,136 ms,0 kB/s
104.16.193.138,443,true,SJC,North America,San Jose,149 ms,0 kB/s
104.16.58.197,443,true,SJC,North America,San Jose,133 ms,0 kB/s
104.17.98.52,443,true,SJC,North America,San Jose,171 ms,0 kB/s
104.17.43.225,443,true,SJC,North America,San Jose,149 ms,0 kB/s
104.17.92.49,443,true,SJC,North America,San Jose,150 ms,0 kB/s
104.17.127.145,443,true,SJC,North America,San Jose,181 ms,0 kB/s
104.18.130.102,443,true,SJC,North America,San Jose,132 ms,0 kB/s
104.16.93.73,443,true,SJC,North America,San Jose,147 ms,0 kB/s
104.19.174.134,443,true,SJC,North America,San Jose,172 ms,0 kB/s
104.16.143.32,443,true,SJC,North America,San Jose,146 ms,0 kB/s
104.17.215.240,443,true,SJC,North America,San Jose,175 ms,0 kB/s
104.16.234.248,443,true,SJC,North America,San Jose,171 ms,0 kB/s
104.16.77.232,443,true,SJC,North America,San Jose,173 ms,0 kB/s
104.16.5.177,443,true,SJC,North America,San Jose,144 ms,0 kB/s
104.16.56.164,443,true,SJC,North America,San Jose,149 ms,0 kB/s
104.17.100.245,443,true,SJC,North America,San Jose,173 ms,0 kB/s
190.93.245.246,443,true,SJC,North America,San Jose,149 ms,0 kB/s
104.18.114.124,443,true,SJC,North America,San Jose,171 ms,0 kB/s
104.16.67.239,443,true,SJC,North America,San Jose,171 ms,0 kB/s
104.17.136.138,443,true,SJC,North America,San Jose,173 ms,0 kB/s
104.17.161.157,443,true,SJC,North America,San Jose,172 ms,0 kB/s
104.17.235.171,443,true,SJC,North America,San Jose,174 ms,0 kB/s
104.18.145.206,443,true,SJC,North America,San Jose,172 ms,0 kB/s
104.16.83.110,443,true,SJC,North America,San Jose,173 ms,0 kB/s
104.17.24.224,443,true,SJC,North America,San Jose,172 ms,0 kB/s
104.17.162.212,443,true,SJC,North America,San Jose,175 ms,0 kB/s
104.17.219.141,443,true,SJC,North America,San Jose,180 ms,0 kB/s
104.16.247.225,443,true,SJC,North America,San Jose,172 ms,0 kB/s
104.18.187.32,443,true,SJC,North America,San Jose,175 ms,0 kB/s
104.17.186.5,443,true,SJC,North America,San Jose,174 ms,0 kB/s
104.16.166.152,443,true,SJC,North America,San Jose,174 ms,0 kB/s
104.16.212.65,443,true,SJC,North America,San Jose,172 ms,0 kB/s
104.18.237.240,443,true,SJC,North America,San Jose,176 ms,0 kB/s
104.16.154.114,443,true,SJC,North America,San Jose,174 ms,0 kB/s
104.17.167.91,443,true,SJC,North America,San Jose,174 ms,0 kB/s
104.17.16.66,443,true,SJC,North America,San Jose,175 ms,0 kB/s
104.17.220.19,443,true,SJC,North America,San Jose,178 ms,0 kB/s
104.18.106.16,443,true,SJC,North America,San Jose,177 ms,0 kB/s
104.16.202.22,443,true,SJC,North America,San Jose,177 ms,0 kB/s
104.17.187.16,443,true,SJC,North America,San Jose,173 ms,0 kB/s
104.17.152.159,443,true,SJC,North America,San Jose,175 ms,0 kB/s
104.19.214.226,443,true,SJC,North America,San Jose,178 ms,0 kB/s
104.17.138.81,443,true,SJC,North America,San Jose,185 ms,0 kB/s
104.16.38.140,443,true,SJC,North America,San Jose,177 ms,0 kB/s
104.18.193.106,443,true,SJC,North America,San Jose,173 ms,0 kB/s
104.18.222.26,443,true,SJC,North America,San Jose,176 ms,0 kB/s
104.16.199.36,443,true,SJC,North America,San Jose,178 ms,0 kB/s
104.18.73.4,443,true,SJC,North America,San Jose,173 ms,0 kB/s
104.16.255.183,443,true,SJC,North America,San Jose,173 ms,0 kB/s
104.18.196.216,443,true,SJC,North America,San Jose,180 ms,0 kB/s
104.18.77.45,443,true,SJC,North America,San Jose,180 ms,0 kB/s
104.18.79.243,443,true,SJC,North America,San Jose,176 ms,0 kB/s
104.17.172.178,443,true,SJC,North America,San Jose,175 ms,0 kB/s
104.16.125.19,443,true,SJC,North America,San Jose,194 ms,0 kB/s
104.18.86.135,443,true,SJC,North America,San Jose,180 ms,0 kB/s
104.17.120.8,443,true,SJC,North America,San Jose,179 ms,0 kB/s
104.18.146.9,443,true,SJC,North America,San Jose,177 ms,0 kB/s
104.16.141.68,443,true,SJC,North America,San Jose,186 ms,0 kB/s
104.16.69.23,443,true,SJC,North America,San Jose,195 ms,0 kB/s
104.17.12.65,443,true,SJC,North America,San Jose,189 ms,0 kB/s
104.18.214.198,443,true,SJC,North America,San Jose,175 ms,0 kB/s
104.19.255.222,443,true,SJC,North America,San Jose,175 ms,0 kB/s
104.19.188.67,443,true,SJC,North America,San Jose,179 ms,0 kB/s
104.16.138.68,443,true,SJC,North America,San Jose,193 ms,0 kB/s
104.16.44.252,443,true,SJC,North America,San Jose,191 ms,0 kB/s
104.18.125.197,443,true,SJC,North America,San Jose,193 ms,0 kB/s
104.16.252.42,443,true,SJC,North America,San Jose,188 ms,0 kB/s
104.18.155.164,443,true,SJC,North America,San Jose,177 ms,0 kB/s
104.16.131.169,443,true,SJC,North America,San Jose,180 ms,0 kB/s
104.17.55.2,443,true,SJC,North America,San Jose,175 ms,0 kB/s
104.17.196.165,443,true,SJC,North America,San Jose,180 ms,0 kB/s
104.16.208.173,443,true,SJC,North America,San Jose,185 ms,0 kB/s
104.17.168.230,443,true,SJC,North America,San Jose,192 ms,0 kB/s
104.16.221.200,443,true,SJC,North America,San Jose,179 ms,0 kB/s
104.16.98.213,443,true,SJC,North America,San Jose,182 ms,0 kB/s
104.18.107.172,443,true,SJC,North America,San Jose,193 ms,0 kB/s
104.18.164.147,443,true,SJC,North America,San Jose,177 ms,0 kB/s
162.159.160.197,443,true,FRA,Europe,Frankfurt,180 ms,0 kB/s
104.16.161.80,443,true,SJC,North America,San Jose,178 ms,0 kB/s
104.17.2.195,443,true,SJC,North America,San Jose,184 ms,0 kB/s
104.18.255.141,443,true,SJC,North America,San Jose,193 ms,0 kB/s
104.16.168.147,443,true,SJC,North America,San Jose,179 ms,0 kB/s
104.16.113.40,443,true,SJC,North America,San Jose,180 ms,0 kB/s
104.16.228.206,443,true,SJC,North America,San Jose,183 ms,0 kB/s
104.16.134.43,443,true,SJC,North America,San Jose,182 ms,0 kB/s
104.17.112.44,443,true,SJC,North America,San Jose,193 ms,0 kB/s
104.18.199.7,443,true,SJC,North America,San Jose,177 ms,0 kB/s
104.17.76.114,443,true,SJC,North America,San Jose,177 ms,0 kB/s
104.17.67.173,443,true,SJC,North America,San Jose,176 ms,0 kB/s
104.16.145.167,443,true,SJC,North America,San Jose,172 ms,0 kB/s
104.18.94.90,443,true,SJC,North America,San Jose,194 ms,0 kB/s
104.18.136.144,443,true,SJC,North America,San Jose,197 ms,0 kB/s
104.16.120.60,443,true,SJC,North America,San Jose,195 ms,0 kB/s
104.18.207.129,443,true,SJC,North America,San Jose,199 ms,0 kB/s
104.16.159.215,443,true,SJC,North America,San Jose,180 ms,0 kB/s
104.18.137.251,443,true,SJC,North America,San Jose,198 ms,0 kB/s
104.17.180.252,443,true,SJC,North America,San Jose,177 ms,0 kB/s
104.17.109.163,443,true,SJC,North America,San Jose,196 ms,0 kB/s
104.19.179.131,443,true,SJC,North America,San Jose,181 ms,0 kB/s
104.17.173.179,443,true,SJC,North America,San Jose,197 ms,0 kB/s
104.17.128.87,443,true,SJC,North America,San Jose,183 ms,0 kB/s
104.16.61.240,443,true,SJC,North America,San Jose,181 ms,0 kB/s
104.16.231.55,443,true,SJC,North America,San Jose,178 ms,0 kB/s
104.18.67.0,443,true,SJC,North America,San Jose,178 ms,0 kB/s
104.18.160.191,443,true,SJC,North America,San Jose,188 ms,0 kB/s
104.18.111.107,443,true,SJC,North America,San Jose,178 ms,0 kB/s
104.17.7.110,443,true,SJC,North America,San Jose,190 ms,0 kB/s
104.18.113.135,443,true,SJC,North America,San Jose,199 ms,0 kB/s
104.19.169.240,443,true,SJC,North America,San Jose,176 ms,0 kB/s
104.18.127.59,443,true,SJC,North America,San Jose,195 ms,0 kB/s
104.17.8.241,443,true,SJC,North America,San Jose,180 ms,0 kB/s
104.17.54.77,443,true,SJC,North America,San Jose,191 ms,0 kB/s
104.19.184.136,443,true,SJC,North America,San Jose,183 ms,0 kB/s
104.16.156.130,443,true,SJC,North America,San Jose,183 ms,0 kB/s
104.17.194.32,443,true,SJC,North America,San Jose,183 ms,0 kB/s
104.19.238.167,443,true,SJC,North America,San Jose,189 ms,0 kB/s
104.17.132.111,443,true,SJC,North America,San Jose,181 ms,0 kB/s
104.16.84.4,443,true,SJC,North America,San Jose,192 ms,0 kB/s
104.16.153.129,443,true,SJC,North America,San Jose,176 ms,0 kB/s
104.17.199.250,443,true,SJC,North America,San Jose,175 ms,0 kB/s
104.16.248.48,443,true,SJC,North America,San Jose,195 ms,0 kB/s
104.17.177.53,443,true,SJC,North America,San Jose,182 ms,0 kB/s
104.18.120.215,443,true,SJC,North America,San Jose,181 ms,0 kB/s
104.18.254.195,443,true,SJC,North America,San Jose,200 ms,0 kB/s
190.93.244.11,443,true,SJC,North America,San Jose,194 ms,0 kB/s
104.19.163.74,443,true,SJC,North America,San Jose,199 ms,0 kB/s
104.18.68.138,443,true,SJC,North America,San Jose,195 ms,0 kB/s
104.16.70.121,443,true,SJC,North America,San Jose,197 ms,0 kB/s
104.18.140.103,443,true,SJC,North America,San Jose,196 ms,0 kB/s
141.101.115.89,443,true,SJC,North America,San Jose,198 ms,0 kB/s
188.114.97.59,443,true,SJC,North America,San Jose,199 ms,0 kB/s
162.159.60.122,443,true,SJC,North America,San Jose,199 ms,0 kB/s
104.16.240.142,443,true,SJC,North America,San Jose,199 ms,0 kB/s
104.19.252.13,443,true,SJC,North America,San Jose,164 ms,0 kB/s
104.18.66.1,443,true,SJC,North America,San Jose,183 ms,0 kB/s
104.16.48.84,443,true,SJC,North America,San Jose,153 ms,0 kB/s
104.16.80.20,443,true,SJC,North America,San Jose,149 ms,0 kB/s
104.16.12.139,443,true,SJC,North America,San Jose,149 ms,0 kB/s
104.18.91.217,443,true,SJC,North America,San Jose,146 ms,0 kB/s
104.19.247.231,443,true,SJC,North America,San Jose,146 ms,0 kB/s
104.16.149.115,443,true,SJC,North America,San Jose,160 ms,0 kB/s
104.16.15.242,443,true,SJC,North America,San Jose,166 ms,0 kB/s
104.16.116.127,443,true,SJC,North America,San Jose,166 ms,0 kB/s
104.17.224.214,443,true,SJC,North America,San Jose,147 ms,0 kB/s
104.17.232.43,443,true,SJC,North America,San Jose,148 ms,0 kB/s
104.16.91.28,443,true,SJC,North America,San Jose,150 ms,0 kB/s
104.17.122.138,443,true,SJC,North America,San Jose,166 ms,0 kB/s
104.19.183.159,443,true,SJC,North America,San Jose,166 ms,0 kB/s
104.18.174.132,443,true,SJC,North America,San Jose,151 ms,0 kB/s
104.17.181.234,443,true,SJC,North America,San Jose,168 ms,0 kB/s
104.17.146.245,443,true,SJC,North America,San Jose,166 ms,0 kB/s
104.18.182.114,443,true,SJC,North America,San Jose,148 ms,0 kB/s
104.16.8.96,443,true,SJC,North America,San Jose,151 ms,0 kB/s
104.17.0.135,443,true,SJC,North America,San Jose,150 ms,0 kB/s
104.19.153.62,443,true,SJC,North America,San Jose,153 ms,0 kB/s
104.16.73.57,443,true,SJC,North America,San Jose,151 ms,0 kB/s
104.16.190.247,443,true,SJC,North America,San Jose,153 ms,0 kB/s
104.16.129.58,443,true,SJC,North America,San Jose,166 ms,0 kB/s
104.16.57.10,443,true,SJC,North America,San Jose,167 ms,0 kB/s
104.17.203.245,443,true,SJC,North America,San Jose,170 ms,0 kB/s
104.16.106.198,443,true,SJC,North America,San Jose,166 ms,0 kB/s
104.18.242.181,443,true,SJC,North America,San Jose,161 ms,0 kB/s
104.16.182.55,443,true,SJC,North America,San Jose,152 ms,0 kB/s
104.18.213.157,443,true,SJC,North America,San Jose,169 ms,0 kB/s
104.16.9.210,443,true,SJC,North America,San Jose,171 ms,0 kB/s
104.16.249.166,443,true,SJC,North America,San Jose,153 ms,0 kB/s
104.17.81.224,443,true,SJC,North America,San Jose,171 ms,0 kB/s
104.18.166.0,443,true,SJC,North America,San Jose,168 ms,0 kB/s
104.16.133.101,443,true,SJC,North America,San Jose,171 ms,0 kB/s
104.18.189.25,443,true,SJC,North America,San Jose,171 ms,0 kB/s
104.18.227.3,443,true,SJC,North America,San Jose,165 ms,0 kB/s
104.18.223.16,443,true,SJC,North America,San Jose,153 ms,0 kB/s
104.17.253.3,443,true,SJC,North America,San Jose,163 ms,0 kB/s
104.16.157.79,443,true,SJC,North America,San Jose,171 ms,0 kB/s
104.18.178.13,443,true,SJC,North America,San Jose,174 ms,0 kB/s
104.16.43.86,443,true,SJC,North America,San Jose,159 ms,0 kB/s
104.18.105.9,443,true,SJC,North America,San Jose,169 ms,0 kB/s
104.16.214.89,443,true,SJC,North America,San Jose,166 ms,0 kB/s
104.16.188.4,443,true,SJC,North America,San Jose,175 ms,0 kB/s
190.93.246.246,443,true,SJC,North America,San Jose,178 ms,0 kB/s
104.17.59.165,443,true,SJC,North America,San Jose,165 ms,0 kB/s
104.16.150.136,443,true,SJC,North America,San Jose,164 ms,0 kB/s
104.16.233.61,443,true,SJC,North America,San Jose,174 ms,0 kB/s
104.18.250.18,443,true,SJC,North America,San Jose,176 ms,0 kB/s
104.17.107.35,443,true,SJC,North America,San Jose,157 ms,0 kB/s
104.17.56.148,443,true,SJC,North America,San Jose,164 ms,0 kB/s
104.17.32.29,443,true,SJC,North America,San Jose,176 ms,0 kB/s
104.16.225.6,443,true,SJC,North America,San Jose,175 ms,0 kB/s
104.16.13.116,443,true,SJC,North America,San Jose,162 ms,0 kB/s
104.17.5.199,443,true,SJC,North America,San Jose,171 ms,0 kB/s
104.16.178.243,443,true,SJC,North America,San Jose,170 ms,0 kB/s
104.17.250.144,443,true,SJC,North America,San Jose,172 ms,0 kB/s
104.17.160.250,443,true,SJC,North America,San Jose,165 ms,0 kB/s
104.17.4.107,443,true,SJC,North America,San Jose,171 ms,0 kB/s
104.16.23.81,443,true,SJC,North America,San Jose,167 ms,0 kB/s
104.17.228.246,443,true,SJC,North America,San Jose,170 ms,0 kB/s
104.18.165.63 ,443,true,SJC,North America,San Jose,169 ms,0 kB/s
104.16.137.184,443,true,SJC,North America,San Jose,163 ms,0 kB/s
104.18.108.79,443,true,SJC,North America,San Jose,170 ms,0 kB/s
104.17.78.122,443,true,SJC,North America,San Jose,170 ms,0 kB/s
104.18.143.179,443,true,SJC,North America,San Jose,166 ms,0 kB/s
104.17.243.79,443,true,SJC,North America,San Jose,172 ms,0 kB/s
104.16.203.208,443,true,SJC,North America,San Jose,167 ms,0 kB/s
104.16.19.200,443,true,SJC,North America,San Jose,155 ms,0 kB/s
104.16.148.61,443,true,SJC,North America,San Jose,175 ms,0 kB/s
104.17.248.132,443,true,SJC,North America,San Jose,158 ms,0 kB/s
104.17.170.41,443,true,SJC,North America,San Jose,166 ms,0 kB/s
104.18.126.118,443,true,SJC,North America,San Jose,157 ms,0 kB/s
104.17.151.40,443,true,SJC,North America,San Jose,165 ms,0 kB/s
104.18.124.73,443,true,SJC,North America,San Jose,156 ms,0 kB/s
104.17.108.171,443,true,SJC,North America,San Jose,157 ms,0 kB/s
104.18.117.52,443,true,SJC,North America,San Jose,173 ms,0 kB/s
104.16.30.153,443,true,SJC,North America,San Jose,154 ms,0 kB/s
104.17.123.224,443,true,SJC,North America,San Jose,183 ms,0 kB/s
104.16.250.34,443,true,SJC,North America,San Jose,171 ms,0 kB/s
104.17.66.147,443,true,SJC,North America,San Jose,175 ms,0 kB/s
104.19.218.153,443,true,SJC,North America,San Jose,177 ms,0 kB/s
104.16.26.9,443,true,SJC,North America,San Jose,167 ms,0 kB/s
104.17.46.156,443,true,SJC,North America,San Jose,161 ms,0 kB/s
104.18.128.249,443,true,SJC,North America,San Jose,156 ms,0 kB/s
104.17.178.21,443,true,SJC,North America,San Jose,175 ms,0 kB/s
104.16.201.64,443,true,SJC,North America,San Jose,167 ms,0 kB/s
104.16.219.120,443,true,SJC,North America,San Jose,175 ms,0 kB/s
104.17.144.16,443,true,SJC,North America,San Jose,165 ms,0 kB/s
104.16.33.222,443,true,SJC,North America,San Jose,158 ms,0 kB/s
104.17.247.17,443,true,SJC,North America,San Jose,172 ms,0 kB/s
104.17.131.22,443,true,SJC,North America,San Jose,165 ms,0 kB/s
104.16.52.63,443,true,SJC,North America,San Jose,166 ms,0 kB/s
104.17.10.2,443,true,SJC,North America,San Jose,166 ms,0 kB/s
104.18.115.48,443,true,SJC,North America,San Jose,167 ms,0 kB/s
104.17.91.217,443,true,SJC,North America,San Jose,159 ms,0 kB/s
104.16.28.222,443,true,SJC,North America,San Jose,171 ms,0 kB/s
104.18.236.210,443,true,SJC,North America,San Jose,156 ms,0 kB/s
104.17.53.144,443,true,SJC,North America,San Jose,167 ms,0 kB/s
104.18.93.145,443,true,SJC,North America,San Jose,156 ms,0 kB/s
104.17.72.57,443,true,SJC,North America,San Jose,172 ms,0 kB/s
104.16.198.17,443,true,SJC,North America,San Jose,168 ms,0 kB/s
104.17.69.60,443,true,SJC,North America,San Jose,156 ms,0 kB/s
104.18.139.7,443,true,SJC,North America,San Jose,175 ms,0 kB/s
104.17.41.8,443,true,SJC,North America,San Jose,156 ms,0 kB/s
104.16.146.135,443,true,SJC,North America,San Jose,171 ms,0 kB/s
104.17.1.6,443,true,SJC,North America,San Jose,158 ms,0 kB/s
104.16.207.228,443,true,SJC,North America,San Jose,170 ms,0 kB/s
104.19.215.228,443,true,SJC,North America,San Jose,158 ms,0 kB/s
104.18.110.22,443,true,SJC,North America,San Jose,162 ms,0 kB/s
104.16.20.251,443,true,SJC,North America,San Jose,157 ms,0 kB/s
104.16.49.168,443,true,SJC,North America,San Jose,172 ms,0 kB/s
104.18.141.109,443,true,SJC,North America,San Jose,173 ms,0 kB/s
104.16.64.192,443,true,SJC,North America,San Jose,162 ms,0 kB/s
104.18.135.104,443,true,SJC,North America,San Jose,171 ms,0 kB/s
104.17.57.82,443,true,SJC,North America,San Jose,159 ms,0 kB/s
104.17.102.143,443,true,SJC,North America,San Jose,161 ms,0 kB/s
104.17.156.34,443,true,SJC,North America,San Jose,157 ms,0 kB/s
104.17.124.45,443,true,SJC,North America,San Jose,160 ms,0 kB/s
104.16.24.51,443,true,SJC,North America,San Jose,161 ms,0 kB/s
104.17.245.169,443,true,SJC,North America,San Jose,165 ms,0 kB/s
104.17.241.194,443,true,SJC,North America,San Jose,163 ms,0 kB/s
104.18.118.178,443,true,SJC,North America,San Jose,187 ms,0 kB/s
104.16.227.141,443,true,SJC,North America,San Jose,164 ms,0 kB/s
104.16.251.89,443,true,SJC,North America,San Jose,164 ms,0 kB/s
104.16.100.49,443,true,SJC,North America,San Jose,163 ms,0 kB/s
104.16.22.189,443,true,SJC,North America,San Jose,187 ms,0 kB/s
104.18.186.33,443,true,SJC,North America,San Jose,163 ms,0 kB/s
104.16.253.61,443,true,SJC,North America,San Jose,166 ms,0 kB/s
104.17.143.77,443,true,SJC,North America,San Jose,165 ms,0 kB/s
104.17.40.36,443,true,SJC,North America,San Jose,165 ms,0 kB/s
104.19.162.124,443,true,SJC,North America,San Jose,172 ms,0 kB/s
104.17.125.44,443,true,SJC,North America,San Jose,182 ms,0 kB/s
104.17.192.2,443,true,SJC,North America,San Jose,172 ms,0 kB/s
104.18.253.141,443,true,SJC,North America,San Jose,166 ms,0 kB/s
104.18.78.1,443,true,SJC,North America,San Jose,163 ms,0 kB/s
104.18.234.196,443,true,SJC,North America,San Jose,164 ms,0 kB/s
104.18.183.45,443,true,SJC,North America,San Jose,173 ms,0 kB/s
104.16.32.58,443,true,SJC,North America,San Jose,173 ms,0 kB/s
104.17.74.0,443,true,SJC,North America,San Jose,171 ms,0 kB/s
104.16.27.246,443,true,SJC,North America,San Jose,174 ms,0 kB/s
104.16.90.200,443,true,SJC,North America,San Jose,173 ms,0 kB/s
104.17.195.226,443,true,SJC,North America,San Jose,166 ms,0 kB/s
104.16.130.243,443,true,SJC,North America,San Jose,166 ms,0 kB/s
104.18.168.97,443,true,SJC,North America,San Jose,175 ms,0 kB/s
104.16.62.238,443,true,SJC,North America,San Jose,170 ms,0 kB/s
104.19.164.102,443,true,SJC,North America,San Jose,173 ms,0 kB/s
104.21.238.3,443,true,SJC,North America,San Jose,176 ms,0 kB/s
104.17.85.215,443,true,SJC,North America,San Jose,169 ms,0 kB/s
104.17.202.43,443,true,SJC,North America,San Jose,173 ms,0 kB/s
104.17.11.188,443,true,SJC,North America,San Jose,180 ms,0 kB/s
104.17.236.128,443,true,SJC,North America,San Jose,176 ms,0 kB/s
104.18.172.128,443,true,SJC,North America,San Jose,179 ms,0 kB/s
104.17.71.89,443,true,SJC,North America,San Jose,175 ms,0 kB/s
104.16.118.246,443,true,SJC,North America,San Jose,172 ms,0 kB/s
104.17.31.155,443,true,SJC,North America,San Jose,171 ms,0 kB/s
104.16.216.197,443,true,SJC,North America,San Jose,181 ms,0 kB/s
104.18.232.42,443,true,SJC,North America,San Jose,178 ms,0 kB/s
104.16.196.144,443,true,SJC,North America,San Jose,181 ms,0 kB/s
104.16.200.70,443,true,SJC,North America,San Jose,182 ms,0 kB/s
104.17.129.91,443,true,SJC,North America,San Jose,175 ms,0 kB/s
104.17.242.81,443,true,SJC,North America,San Jose,171 ms,0 kB/s
104.16.175.74,443,true,SJC,North America,San Jose,132 ms,0 kB/s
104.17.90.33,443,true,SJC,North America,San Jose,173 ms,0 kB/s
104.17.110.129,443,true,SJC,North America,San Jose,172 ms,0 kB/s
104.17.158.56,443,true,SJC,North America,San Jose,166 ms,0 kB/s
104.17.34.26,443,true,SJC,North America,San Jose,173 ms,0 kB/s
104.19.161.77,443,true,SJC,North America,San Jose,173 ms,0 kB/s
104.17.116.117,443,true,SJC,North America,San Jose,177 ms,0 kB/s
104.18.251.172,443,true,SJC,North America,San Jose,185 ms,0 kB/s
104.18.75.112,443,true,SJC,North America,San Jose,174 ms,0 kB/s
104.18.101.126,443,true,SJC,North America,San Jose,175 ms,0 kB/s
104.18.248.177,443,true,SJC,North America,San Jose,178 ms,0 kB/s
104.18.100.1,443,true,SJC,North America,San Jose,172 ms,0 kB/s
104.18.81.197,443,true,SJC,North America,San Jose,179 ms,0 kB/s
104.16.236.136,443,true,SJC,North America,San Jose,169 ms,0 kB/s
104.16.194.127,443,true,SJC,North America,San Jose,177 ms,0 kB/s
104.18.169.11,443,true,SJC,North America,San Jose,177 ms,0 kB/s
104.18.104.12,443,true,SJC,North America,San Jose,169 ms,0 kB/s
104.17.42.155,443,true,SJC,North America,San Jose,182 ms,0 kB/s
104.17.176.20,443,true,SJC,North America,San Jose,171 ms,0 kB/s
104.17.239.66,443,true,SJC,North America,San Jose,173 ms,0 kB/s
104.18.65.141,443,true,SJC,North America,San Jose,171 ms,0 kB/s
104.17.58.173,443,true,SJC,North America,San Jose,144 ms,0 kB/s
104.19.186.100,443,true,SJC,North America,San Jose,175 ms,0 kB/s
104.16.223.163,443,true,SJC,North America,San Jose,178 ms,0 kB/s
104.18.228.28,443,true,SJC,North America,San Jose,178 ms,0 kB/s
104.17.137.198,443,true,SJC,North America,San Jose,177 ms,0 kB/s
104.16.144.100,443,true,SJC,North America,San Jose,175 ms,0 kB/s
104.17.135.101,443,true,SJC,North America,San Jose,170 ms,0 kB/s
172.64.26.27,443,true,OTP,Europe,Bucharest,203 ms,0 kB/s
108.162.196.76,443,true,LAX,North America,Los Angeles,184 ms,0 kB/s
104.17.126.223,443,true,SJC,North America,San Jose,175 ms,0 kB/s
104.18.247.46,443,true,SJC,North America,San Jose,177 ms,0 kB/s
108.162.192.126,443,true,LAX,North America,Los Angeles,182 ms,0 kB/s
104.17.234.170,443,true,SJC,North America,San Jose,165 ms,0 kB/s
104.17.141.188,443,true,SJC,North America,San Jose,162 ms,0 kB/s
104.17.139.168,443,true,SJC,North America,San Jose,192 ms,0 kB/s
104.16.96.107,443,true,SJC,North America,San Jose,175 ms,0 kB/s
104.17.246.21,443,true,SJC,North America,San Jose,176 ms,0 kB/s
104.19.220.195,443,true,SJC,North America,San Jose,159 ms,0 kB/s
104.16.68.96,443,true,SJC,North America,San Jose,163 ms,0 kB/s
104.17.205.227,443,true,SJC,North America,San Jose,168 ms,0 kB/s
104.16.40.7,443,true,SJC,North America,San Jose,159 ms,0 kB/s
104.16.66.219,443,true,SJC,North America,San Jose,166 ms,0 kB/s
104.18.64.114,443,true,SJC,North America,San Jose,160 ms,0 kB/s
104.17.206.201,443,true,SJC,North America,San Jose,172 ms,0 kB/s
104.16.17.215,443,true,SJC,North America,San Jose,163 ms,0 kB/s
104.16.132.201,443,true,SJC,North America,San Jose,163 ms,0 kB/s
104.19.225.162,443,true,SJC,North America,San Jose,169 ms,0 kB/s
104.18.152.112,443,true,SJC,North America,San Jose,161 ms,0 kB/s
104.17.207.86,443,true,SJC,North America,San Jose,160 ms,0 kB/s
104.19.185.131,443,true,SJC,North America,San Jose,169 ms,0 kB/s
104.17.88.31,443,true,SJC,North America,San Jose,164 ms,0 kB/s
104.16.71.112,443,true,SJC,North America,San Jose,166 ms,0 kB/s
104.18.211.160,443,true,SJC,North America,San Jose,167 ms,0 kB/s
104.17.251.86,443,true,SJC,North America,San Jose,169 ms,0 kB/s
104.16.244.75,443,true,SJC,North America,San Jose,164 ms,0 kB/s
104.18.144.185,443,true,SJC,North America,San Jose,167 ms,0 kB/s
104.18.180.84,443,true,SJC,North America,San Jose,166 ms,0 kB/s
104.18.156.25,443,true,SJC,North America,San Jose,164 ms,0 kB/s
104.17.105.100,443,true,SJC,North America,San Jose,163 ms,0 kB/s
104.16.213.215,443,true,SJC,North America,San Jose,169 ms,0 kB/s
104.17.252.94,443,true,SJC,North America,San Jose,169 ms,0 kB/s
104.18.87.215,443,true,SJC,North America,San Jose,169 ms,0 kB/s
104.18.98.89,443,true,SJC,North America,San Jose,183 ms,0 kB/s
104.16.205.66,443,true,SJC,North America,San Jose,172 ms,0 kB/s
104.17.28.130,443,true,SJC,North America,San Jose,167 ms,0 kB/s
104.18.188.40,443,true,SJC,North America,San Jose,185 ms,0 kB/s
104.17.25.44,443,true,SJC,North America,San Jose,167 ms,0 kB/s
104.17.229.209,443,true,SJC,North America,San Jose,163 ms,0 kB/s
104.18.216.120,443,true,SJC,North America,San Jose,158 ms,0 kB/s
104.18.212.49,443,true,SJC,North America,San Jose,162 ms,0 kB/s
104.19.210.241,443,true,SJC,North America,San Jose,170 ms,0 kB/s
104.19.254.169,443,true,SJC,North America,San Jose,172 ms,0 kB/s
104.16.217.206,443,true,SJC,North America,San Jose,169 ms,0 kB/s
104.18.179.217,443,true,SJC,North America,San Jose,171 ms,0 kB/s
104.19.208.8,443,true,SJC,North America,San Jose,170 ms,0 kB/s
104.18.162.178,443,true,SJC,North America,San Jose,186 ms,0 kB/s
172.64.25.22,443,true,OTP,Europe,Bucharest,169 ms,0 kB/s
104.18.220.9,443,true,SJC,North America,San Jose,163 ms,0 kB/s
104.19.251.231,443,true,SJC,North America,San Jose,164 ms,0 kB/s
104.17.249.138,443,true,SJC,North America,San Jose,171 ms,0 kB/s
104.16.7.243,443,true,SJC,North America,San Jose,171 ms,0 kB/s
104.17.22.248,443,true,SJC,North America,San Jose,167 ms,0 kB/s
104.17.133.103,443,true,SJC,North America,San Jose,170 ms,0 kB/s
104.17.21.58,443,true,SJC,North America,San Jose,164 ms,0 kB/s
104.17.80.156,443,true,SJC,North America,San Jose,163 ms,0 kB/s
104.16.163.116,443,true,SJC,North America,San Jose,160 ms,0 kB/s
172.64.147.2,443,true,LAX,North America,Los Angeles,172 ms,0 kB/s
104.18.150.19,443,true,SJC,North America,San Jose,162 ms,0 kB/s
104.18.157.254,443,true,SJC,North America,San Jose,165 ms,0 kB/s
104.16.74.106,443,true,SJC,North America,San Jose,162 ms,0 kB/s
104.17.233.241,443,true,SJC,North America,San Jose,163 ms,0 kB/s
104.16.176.175,443,true,SJC,North America,San Jose,162 ms,0 kB/s
104.19.177.210,443,true,SJC,North America,San Jose,167 ms,0 kB/s
104.16.167.241,443,true,SJC,North America,San Jose,161 ms,0 kB/s
104.17.20.68,443,true,SJC,North America,San Jose,164 ms,0 kB/s
104.18.177.249,443,true,SJC,North America,San Jose,164 ms,0 kB/s
104.17.27.49,443,true,SJC,North America,San Jose,174 ms,0 kB/s
104.16.10.232,443,true,SJC,North America,San Jose,163 ms,0 kB/s
104.16.99.72,443,true,SJC,North America,San Jose,170 ms,0 kB/s
104.17.166.178,443,true,SJC,North America,San Jose,167 ms,0 kB/s
104.18.132.152,443,true,SJC,North America,San Jose,170 ms,0 kB/s
104.17.26.118,443,true,SJC,North America,San Jose,171 ms,0 kB/s
104.19.242.71,443,true,SJC,North America,San Jose,167 ms,0 kB/s
104.16.232.241,443,true,SJC,North America,San Jose,168 ms,0 kB/s
104.16.197.239,443,true,SJC,North America,San Jose,169 ms,0 kB/s
104.17.84.207,443,true,SJC,North America,San Jose,170 ms,0 kB/s
104.19.173.148,443,true,SJC,North America,San Jose,176 ms,0 kB/s
104.18.219.223,443,true,SJC,North America,San Jose,161 ms,0 kB/s
104.18.133.3,443,true,SJC,North America,San Jose,171 ms,0 kB/s
104.17.29.209,443,true,SJC,North America,San Jose,178 ms,0 kB/s
104.16.245.166,443,true,SJC,North America,San Jose,172 ms,0 kB/s
104.24.13.153,443,true,LAX,North America,Los Angeles,176 ms,0 kB/s
104.16.195.203,443,true,SJC,North America,San Jose,181 ms,0 kB/s
104.18.176.206,443,true,SJC,North America,San Jose,177 ms,0 kB/s
104.16.4.157,443,true,SJC,North America,San Jose,167 ms,0 kB/s
104.16.192.171,443,true,SJC,North America,San Jose,181 ms,0 kB/s
104.17.111.154,443,true,SJC,North America,San Jose,182 ms,0 kB/s
104.18.74.247,443,true,SJC,North America,San Jose,178 ms,0 kB/s
104.18.96.86,443,true,SJC,North America,San Jose,181 ms,0 kB/s
104.17.89.47,443,true,SJC,North America,San Jose,182 ms,0 kB/s
104.16.235.113,443,true,SJC,North America,San Jose,184 ms,0 kB/s
104.17.87.185,443,true,SJC,North America,San Jose,179 ms,0 kB/s
104.18.239.208,443,true,SJC,North America,San Jose,178 ms,0 kB/s
104.16.222.205,443,true,SJC,North America,San Jose,182 ms,0 kB/s
104.17.77.224,443,true,SJC,North America,San Jose,184 ms,0 kB/s
162.159.11.148,443,true,LAX,North America,Los Angeles,180 ms,0 kB/s
104.17.193.199,443,true,SJC,North America,San Jose,184 ms,0 kB/s
104.17.197.20,443,true,SJC,North America,San Jose,184 ms,0 kB/s
104.25.167.122,443,true,LAX,North America,Los Angeles,183 ms,0 kB/s
104.17.200.148,443,true,SJC,North America,San Jose,173 ms,0 kB/s
172.67.5.165,443,true,LAX,North America,Los Angeles,187 ms,0 kB/s
104.17.191.142,443,true,SJC,North America,San Jose,184 ms,0 kB/s
104.17.214.90,443,true,SJC,North America,San Jose,181 ms,0 kB/s
104.17.164.183,443,true,SJC,North America,San Jose,182 ms,0 kB/s
104.18.231.104,443,true,SJC,North America,San Jose,182 ms,0 kB/s
104.18.194.252,443,true,SJC,North America,San Jose,182 ms,0 kB/s
104.16.174.211,443,true,SJC,North America,San Jose,184 ms,0 kB/s
104.19.233.73,443,true,SJC,North America,San Jose,184 ms,0 kB/s
104.17.163.135,443,true,SJC,North America,San Jose,183 ms,0 kB/s
162.159.137.98,443,true,HKG,Asia Pacific,Hong Kong,191 ms,0 kB/s
104.19.224.220,443,true,SJC,North America,San Jose,167 ms,0 kB/s
172.67.208.237,443,true,LAX,North America,Los Angeles,186 ms,0 kB/s
104.17.190.74,443,true,SJC,North America,San Jose,170 ms,0 kB/s
185.221.160.21,443,true,LAX,North America,Los Angeles,184 ms,0 kB/s
104.17.82.18,443,true,SJC,North America,San Jose,184 ms,0 kB/s
104.17.106.40,443,true,SJC,North America,San Jose,182 ms,0 kB/s
162.159.5.239,443,true,LAX,North America,Los Angeles,186 ms,0 kB/s
104.17.157.22,443,true,SJC,North America,San Jose,170 ms,0 kB/s
104.19.245.22,443,true,SJC,North America,San Jose,173 ms,0 kB/s
104.18.148.166,443,true,SJC,North America,San Jose,166 ms,0 kB/s
104.19.187.102,443,true,SJC,North America,San Jose,171 ms,0 kB/s
104.18.215.219,443,true,SJC,North America,San Jose,180 ms,0 kB/s
104.17.211.182,443,true,SJC,North America,San Jose,187 ms,0 kB/s
104.19.222.123,443,true,SJC,North America,San Jose,171 ms,0 kB/s
104.18.202.49,443,true,SJC,North America,San Jose,171 ms,0 kB/s
104.17.101.225,443,true,SJC,North America,San Jose,188 ms,0 kB/s
104.17.121.198,443,true,SJC,North America,San Jose,187 ms,0 kB/s
104.17.39.230,443,true,SJC,North America,San Jose,189 ms,0 kB/s
104.16.211.217,443,true,SJC,North America,San Jose,186 ms,0 kB/s
104.17.65.221,443,true,SJC,North America,San Jose,187 ms,0 kB/s
172.67.67.107,443,true,HKG,Asia Pacific,Hong Kong,189 ms,0 kB/s
104.17.99.149,443,true,SJC,North America,San Jose,169 ms,0 kB/s
104.18.123.135,443,true,SJC,North America,San Jose,174 ms,0 kB/s
104.17.213.218,443,true,SJC,North America,San Jose,173 ms,0 kB/s
104.18.142.7,443,true,SJC,North America,San Jose,169 ms,0 kB/s
104.16.184.194,443,true,SJC,North America,San Jose,173 ms,0 kB/s
104.16.191.36,443,true,SJC,North America,San Jose,171 ms,0 kB/s
104.19.253.11,443,true,SJC,North America,San Jose,171 ms,0 kB/s
104.21.69.216,443,true,LAX,North America,Los Angeles,188 ms,0 kB/s
104.17.150.121,443,true,SJC,North America,San Jose,173 ms,0 kB/s
104.18.173.145,443,true,SJC,North America,San Jose,171 ms,0 kB/s
172.64.20.172,443,true,OTP,Europe,Bucharest,177 ms,0 kB/s
104.19.241.8,443,true,SJC,North America,San Jose,169 ms,0 kB/s
104.18.38.196,443,true,LAX,North America,Los Angeles,190 ms,0 kB/s
104.16.142.220,443,true,SJC,North America,San Jose,176 ms,0 kB/s
104.17.198.32,443,true,SJC,North America,San Jose,162 ms,0 kB/s
104.18.153.208,443,true,SJC,North America,San Jose,170 ms,0 kB/s
104.17.227.76,443,true,SJC,North America,San Jose,170 ms,0 kB/s
104.17.13.229,443,true,SJC,North America,San Jose,175 ms,0 kB/s
172.64.53.158,443,true,LAX,North America,Los Angeles,183 ms,0 kB/s
104.19.182.248,443,true,SJC,North America,San Jose,178 ms,0 kB/s
104.17.148.196,443,true,SJC,North America,San Jose,177 ms,0 kB/s
104.16.151.132,443,true,SJC,North America,San Jose,179 ms,0 kB/s
104.17.223.94,443,true,SJC,North America,San Jose,170 ms,0 kB/s
104.18.240.6,443,true,SJC,North America,San Jose,177 ms,0 kB/s
104.18.192.135,443,true,SJC,North America,San Jose,178 ms,0 kB/s
104.17.221.68,443,true,SJC,North America,San Jose,175 ms,0 kB/s
104.17.83.79,443,true,SJC,North America,San Jose,182 ms,0 kB/s
104.16.183.248,443,true,SJC,North America,San Jose,191 ms,0 kB/s
162.159.27.203,443,true,LAX,North America,Los Angeles,174 ms,0 kB/s
104.18.121.56,443,true,SJC,North America,San Jose,175 ms,0 kB/s
172.67.251.33,443,true,LAX,North America,Los Angeles,185 ms,0 kB/s
104.25.53.19,443,true,LAX,North America,Los Angeles,180 ms,0 kB/s
104.18.243.144,443,true,SJC,North America,San Jose,180 ms,0 kB/s
104.16.152.69,443,true,SJC,North America,San Jose,182 ms,0 kB/s
162.159.129.45,443,true,HKG,Asia Pacific,Hong Kong,184 ms,0 kB/s
172.67.65.29,443,true,HKG,Asia Pacific,Hong Kong,185 ms,0 kB/s
162.159.143.141,443,true,HKG,Asia Pacific,Hong Kong,185 ms,0 kB/s
104.23.98.175,443,true,LAX,North America,Los Angeles,184 ms,0 kB/s
162.159.62.34,443,true,LAX,North America,Los Angeles,186 ms,0 kB/s
104.26.6.241,443,true,HKG,Asia Pacific,Hong Kong,186 ms,0 kB/s
104.24.65.12,443,true,LAX,North America,Los Angeles,186 ms,0 kB/s
172.67.242.172,443,true,LAX,North America,Los Angeles,187 ms,0 kB/s
172.67.245.149,443,true,LAX,North America,Los Angeles,193 ms,0 kB/s
104.19.49.17,443,true,LAX,North America,Los Angeles,187 ms,0 kB/s
104.22.78.203,443,true,LAX,North America,Los Angeles,190 ms,0 kB/s
104.25.110.170,443,true,LAX,North America,Los Angeles,187 ms,0 kB/s
172.64.155.37,443,true,LAX,North America,Los Angeles,189 ms,0 kB/s
172.67.78.119,443,true,HKG,Asia Pacific,Hong Kong,189 ms,0 kB/s
104.18.33.195,443,true,LAX,North America,Los Angeles,181 ms,0 kB/s
141.101.123.130,443,true,LAX,North America,Los Angeles,189 ms,0 kB/s
104.19.181.80,443,true,SJC,North America,San Jose,172 ms,0 kB/s
172.67.103.8,443,true,LAX,North America,Los Angeles,191 ms,0 kB/s
172.67.76.10,443,true,HKG,Asia Pacific,Hong Kong,188 ms,0 kB/s
194.53.53.33,443,true,LAX,North America,Los Angeles,195 ms,0 kB/s
172.67.75.89,443,true,HKG,Asia Pacific,Hong Kong,191 ms,0 kB/s
104.26.14.180,443,true,HKG,Asia Pacific,Hong Kong,205 ms,0 kB/s
104.17.225.100,443,true,SJC,North America,San Jose,193 ms,0 kB/s
162.159.136.158,443,true,HKG,Asia Pacific,Hong Kong,188 ms,0 kB/s
162.159.40.159,443,true,LAX,North America,Los Angeles,198 ms,0 kB/s
104.18.119.67,443,true,SJC,North America,San Jose,191 ms,0 kB/s
104.17.96.95,443,true,SJC,North America,San Jose,174 ms,0 kB/s
104.16.209.66,443,true,SJC,North America,San Jose,177 ms,0 kB/s
104.17.238.43,443,true,SJC,North America,San Jose,195 ms,0 kB/s
104.18.49.14,443,true,LAX,North America,Los Angeles,174 ms,0 kB/s
104.19.150.5,443,true,SJC,North America,San Jose,175 ms,0 kB/s
104.18.171.31,443,true,SJC,North America,San Jose,174 ms,0 kB/s
104.17.45.74,443,true,SJC,North America,San Jose,177 ms,0 kB/s
172.64.49.234,443,true,LAX,North America,Los Angeles,205 ms,0 kB/s
104.20.91.12,443,true,LAX,North America,Los Angeles,187 ms,0 kB/s
172.67.53.139,443,true,LAX,North America,Los Angeles,190 ms,0 kB/s
104.18.90.160,443,true,SJC,North America,San Jose,177 ms,0 kB/s
104.17.237.108,443,true,SJC,North America,San Jose,183 ms,0 kB/s
162.159.135.34,443,true,HKG,Asia Pacific,Hong Kong,186 ms,0 kB/s
104.17.145.67,443,true,SJC,North America,San Jose,181 ms,0 kB/s
162.159.58.196,443,true,LAX,North America,Los Angeles,191 ms,0 kB/s
162.159.141.190,443,true,HKG,Asia Pacific,Hong Kong,187 ms,0 kB/s
104.18.233.148,443,true,SJC,North America,San Jose,186 ms,0 kB/s
104.25.209.168,443,true,LAX,North America,Los Angeles,184 ms,0 kB/s
104.18.6.25,443,true,LAX,North America,Los Angeles,186 ms,0 kB/s
172.67.99.32,443,true,LAX,North America,Los Angeles,189 ms,0 kB/s
104.17.184.240,443,true,SJC,North America,San Jose,174 ms,0 kB/s
162.159.17.121,443,true,LAX,North America,Los Angeles,192 ms,0 kB/s
172.67.199.112,443,true,LAX,North America,Los Angeles,185 ms,0 kB/s
104.19.197.100,443,true,LAX,North America,Los Angeles,184 ms,0 kB/s
104.16.34.81,443,true,SJC,North America,San Jose,165 ms,0 kB/s
104.16.97.198,443,true,SJC,North America,San Jose,162 ms,0 kB/s
162.159.130.233,443,true,HKG,Asia Pacific,Hong Kong,184 ms,0 kB/s
104.16.11.96,443,true,SJC,North America,San Jose,165 ms,0 kB/s
104.16.94.102,443,true,SJC,North America,San Jose,163 ms,0 kB/s
104.18.122.92,443,true,SJC,North America,San Jose,182 ms,0 kB/s
104.16.0.136,443,true,SJC,North America,San Jose,168 ms,0 kB/s
172.64.21.20,443,true,OTP,Europe,Bucharest,181 ms,0 kB/s
104.17.254.113,443,true,SJC,North America,San Jose,178 ms,0 kB/s
104.18.116.148,443,true,SJC,North America,San Jose,176 ms,0 kB/s
185.162.229.199,443,true,LAX,North America,Los Angeles,188 ms,0 kB/s
104.16.111.60,443,true,SJC,North America,San Jose,163 ms,0 kB/s
172.67.8.78,443,true,LAX,North America,Los Angeles,181 ms,0 kB/s
104.16.102.254,443,true,SJC,North America,San Jose,167 ms,0 kB/s
172.64.201.32,443,true,LAX,North America,Los Angeles,189 ms,0 kB/s
104.20.18.91,443,true,HKG,Asia Pacific,Hong Kong,186 ms,0 kB/s
104.21.50.3,443,true,LAX,North America,Los Angeles,183 ms,0 kB/s
104.27.50.86,443,true,LAX,North America,Los Angeles,177 ms,0 kB/s
162.159.140.46,443,true,HKG,Asia Pacific,Hong Kong,168 ms,0 kB/s
162.159.138.194,443,true,HKG,Asia Pacific,Hong Kong,193 ms,0 kB/s
162.159.16.109,443,true,LAX,North America,Los Angeles,190 ms,0 kB/s
104.21.235.129,443,true,SJC,North America,San Jose,174 ms,0 kB/s
172.67.215.29,443,true,LAX,North America,Los Angeles,180 ms,0 kB/s
172.67.240.190,443,true,LAX,North America,Los Angeles,190 ms,0 kB/s
104.16.215.72,443,true,SJC,North America,San Jose,182 ms,0 kB/s
162.159.128.115,443,true,HKG,Asia Pacific,Hong Kong,185 ms,0 kB/s
104.23.101.206,443,true,LAX,North America,Los Angeles,190 ms,0 kB/s
172.67.225.7,443,true,LAX,North America,Los Angeles,189 ms,0 kB/s
104.25.198.128,443,true,LAX,North America,Los Angeles,192 ms,0 kB/s
162.159.0.187,443,true,LAX,North America,Los Angeles,192 ms,0 kB/s
172.67.202.88,443,true,LAX,North America,Los Angeles,182 ms,0 kB/s
172.64.94.227,443,true,LAX,North America,Los Angeles,191 ms,0 kB/s
162.159.4.177,443,true,LAX,North America,Los Angeles,193 ms,0 kB/s
104.24.22.96,443,true,LAX,North America,Los Angeles,191 ms,0 kB/s
104.25.172.6,443,true,LAX,North America,Los Angeles,193 ms,0 kB/s
104.16.6.47,443,true,SJC,North America,San Jose,188 ms,0 kB/s
104.16.114.226,443,true,SJC,North America,San Jose,182 ms,0 kB/s
104.16.1.207,443,true,SJC,North America,San Jose,189 ms,0 kB/s
104.17.33.243,443,true,SJC,North America,San Jose,199 ms,0 kB/s
104.16.21.253,443,true,SJC,North America,San Jose,194 ms,0 kB/s
162.159.243.238,443,true,LAX,North America,Los Angeles,196 ms,0 kB/s
104.24.54.133,443,true,LAX,North America,Los Angeles,197 ms,0 kB/s
172.67.158.38,443,true,LAX,North America,Los Angeles,191 ms,0 kB/s
104.17.231.176,443,true,SJC,North America,San Jose,179 ms,0 kB/s
188.114.99.12,443,true,LAX,North America,Los Angeles,196 ms,0 kB/s
104.19.171.188,443,true,SJC,North America,San Jose,200 ms,0 kB/s
104.18.23.101,443,true,LAX,North America,Los Angeles,190 ms,0 kB/s
162.159.3.1,443,true,LAX,North America,Los Angeles,197 ms,0 kB/s
172.67.194.78,443,true,LAX,North America,Los Angeles,191 ms,0 kB/s
141.101.121.45,443,true,LAX,North America,Los Angeles,209 ms,0 kB/s
104.22.70.185,443,true,LAX,North America,Los Angeles,191 ms,0 kB/s
104.21.48.181,443,true,LAX,North America,Los Angeles,208 ms,0 kB/s
172.64.23.224,443,true,OTP,Europe,Bucharest,209 ms,0 kB/s
104.16.63.43,443,true,SJC,North America,San Jose,179 ms,0 kB/s
104.17.175.64,443,true,SJC,North America,San Jose,172 ms,0 kB/s
172.67.73.79,443,true,HKG,Asia Pacific,Hong Kong,201 ms,0 kB/s
172.67.1.75,443,true,LAX,North America,Los Angeles,198 ms,0 kB/s
172.67.72.246,443,true,HKG,Asia Pacific,Hong Kong,196 ms,0 kB/s
104.19.34.20,443,true,LAX,North America,Los Angeles,207 ms,0 kB/s
172.67.74.251,443,true,HKG,Asia Pacific,Hong Kong,191 ms,0 kB/s
172.67.58.153,443,true,LAX,North America,Los Angeles,206 ms,0 kB/s
172.66.42.195,443,true,LAX,North America,Los Angeles,191 ms,0 kB/s
104.20.23.12,443,true,HKG,Asia Pacific,Hong Kong,221 ms,0 kB/s
162.159.61.188,443,true,LAX,North America,Los Angeles,198 ms,0 kB/s
104.16.135.109,443,true,SJC,North America,San Jose,179 ms,0 kB/s
172.67.126.25,443,true,LAX,North America,Los Angeles,183 ms,0 kB/s
172.67.127.58,443,true,LAX,North America,Los Angeles,196 ms,0 kB/s
104.16.45.133,443,true,SJC,North America,San Jose,182 ms,0 kB/s
172.64.194.91,443,true,LAX,North America,Los Angeles,190 ms,0 kB/s
162.159.134.140,443,true,HKG,Asia Pacific,Hong Kong,195 ms,0 kB/s
104.16.103.113,443,true,SJC,North America,San Jose,175 ms,0 kB/s
172.67.98.152,443,true,LAX,North America,Los Angeles,210 ms,0 kB/s
162.159.252.65,443,true,LAX,North America,Los Angeles,214 ms,0 kB/s
141.101.122.76,443,true,LAX,North America,Los Angeles,210 ms,0 kB/s
172.64.24.246,443,true,OTP,Europe,Bucharest,211 ms,0 kB/s
104.16.82.254,443,true,SJC,North America,San Jose,136 ms,0 kB/s
104.17.17.238,443,true,SJC,North America,San Jose,145 ms,0 kB/s
104.17.49.69,443,true,SJC,North America,San Jose,149 ms,0 kB/s
104.16.187.5,443,true,SJC,North America,San Jose,143 ms,0 kB/s
104.18.238.227,443,true,SJC,North America,San Jose,136 ms,0 kB/s
141.101.114.98,443,true,SJC,North America,San Jose,142 ms,0 kB/s
104.18.230.72,443,true,SJC,North America,San Jose,143 ms,0 kB/s
104.17.30.142,443,true,SJC,North America,San Jose,134 ms,0 kB/s
104.19.166.11,443,true,SJC,North America,San Jose,143 ms,0 kB/s
104.16.18.40,443,true,SJC,North America,San Jose,142 ms,0 kB/s
104.19.219.222,443,true,SJC,North America,San Jose,144 ms,0 kB/s
104.17.63.103,443,true,SJC,North America,San Jose,146 ms,0 kB/s
104.17.185.167,443,true,SJC,North America,San Jose,142 ms,0 kB/s
104.18.201.183,443,true,SJC,North America,San Jose,146 ms,0 kB/s
104.17.14.69,443,true,SJC,North America,San Jose,133 ms,0 kB/s
104.16.104.227,443,true,SJC,North America,San Jose,134 ms,0 kB/s
104.16.239.152,443,true,SJC,North America,San Jose,143 ms,0 kB/s
185.148.104.167,443,true,LAX,North America,Los Angeles,188 ms,0 kB/s
104.16.173.219,443,true,SJC,North America,San Jose,125 ms,0 kB/s
104.16.181.148,443,true,SJC,North America,San Jose,135 ms,0 kB/s
104.17.51.119,443,true,SJC,North America,San Jose,143 ms,0 kB/s
104.19.212.237,443,true,SJC,North America,San Jose,135 ms,0 kB/s
104.17.37.98,443,true,SJC,North America,San Jose,135 ms,0 kB/s
104.16.243.181,443,true,SJC,North America,San Jose,136 ms,0 kB/s
104.19.236.156,443,true,SJC,North America,San Jose,131 ms,0 kB/s
104.16.164.235,443,true,SJC,North America,San Jose,127 ms,0 kB/s
104.16.115.218,443,true,SJC,North America,San Jose,133 ms,0 kB/s
104.16.36.230,443,true,SJC,North America,San Jose,128 ms,0 kB/s
104.18.89.122,443,true,SJC,North America,San Jose,130 ms,0 kB/s
104.17.226.211,443,true,SJC,North America,San Jose,135 ms,0 kB/s
104.18.154.202,443,true,SJC,North America,San Jose,135 ms,0 kB/s
188.114.96.208,443,true,SJC,North America,San Jose,129 ms,0 kB/s
104.18.83.92,443,true,SJC,North America,San Jose,136 ms,0 kB/s
104.16.46.191,443,true,SJC,North America,San Jose,131 ms,0 kB/s
