IP地址,端口,TLS,数据中心,地区,城市,网络延迟,下载速度
47.242.183.7,80,FALSE,HKG,Asia Pacific,Hong Kong,66 ms,23484 kB/s
47.242.252.237,80,FALSE,HKG,Asia Pacific,Hong Kong,65 ms,29795 kB/s
47.243.120.239,80,FALSE,HKG,Asia Pacific,Hong Kong,63 ms,27404 kB/s
47.243.169.90,80,FALSE,HKG,Asia Pacific,Hong Kong,61 ms,19556 kB/s
47.243.60.150,80,FALSE,HKG,Asia Pacific,Hong Kong,63 ms,13088 kB/s
8.210.21.65,80,FALSE,HKG,Asia Pacific,Hong Kong,63 ms,26350 kB/s
8.210.3.24,80,FALSE,HKG,Asia Pacific,Hong Kong,58 ms,23083 kB/s
8.210.63.130,80,FALSE,HKG,Asia Pacific,Hong Kong,77 ms,21102 kB/s
8.212.107.200,80,FALSE,HKG,Asia Pacific,Hong Kong,60 ms,851 kB/s
8.212.12.98,80,FALSE,HKG,Asia Pacific,Hong Kong,54 ms,409 kB/s
8.217.106.47,80,FALSE,HKG,Asia Pacific,Hong Kong,66 ms,22824 kB/s
8.217.149.28,80,FALSE,HKG,Asia Pacific,Hong Kong,61 ms,976 kB/s
8.217.49.34,80,FALSE,HKG,Asia Pacific,Hong Kong,64 ms,0 kB/s
8.217.50.252,80,FALSE,HKG,Asia Pacific,Hong Kong,69 ms,26139 kB/s
8.217.85.14,80,FALSE,HKG,Asia Pacific,Hong Kong,78 ms,31406 kB/s
8.217.91.121,80,FALSE,HKG,Asia Pacific,Hong Kong,76 ms,24810 kB/s
8.218.146.204,80,FALSE,HKG,Asia Pacific,Hong Kong,59 ms,15471 kB/s
8.218.18.235,80,FALSE,HKG,Asia Pacific,Hong Kong,66 ms,38190 kB/s
8.218.201.73,80,FALSE,HKG,Asia Pacific,Hong Kong,62 ms,25099 kB/s
8.218.22.210,80,FALSE,HKG,Asia Pacific,Hong Kong,63 ms,24882 kB/s
8.218.48.92,80,FALSE,HKG,Asia Pacific,Hong Kong,68 ms,31161 kB/s
8.218.92.195,80,FALSE,HKG,Asia Pacific,Hong Kong,58 ms,24201 kB/s
47.242.155.183,2052,FALSE,HKG,Asia Pacific,Hong Kong,55 ms,24634 kB/s
47.242.174.27,2052,FALSE,HKG,Asia Pacific,Hong Kong,63 ms,24840 kB/s
47.242.183.7,2052,FALSE,HKG,Asia Pacific,Hong Kong,66 ms,28830 kB/s
47.242.252.237,2052,FALSE,HKG,Asia Pacific,Hong Kong,65 ms,19465 kB/s
47.242.36.78,2052,FALSE,HKG,Asia Pacific,Hong Kong,59 ms,31526 kB/s
47.243.120.239,2052,FALSE,HKG,Asia Pacific,Hong Kong,69 ms,54 kB/s
47.243.139.85,2052,FALSE,HKG,Asia Pacific,Hong Kong,65 ms,23420 kB/s
47.243.198.198,2052,FALSE,HKG,Asia Pacific,Hong Kong,70 ms,29 kB/s
47.243.70.186,2052,FALSE,HKG,Asia Pacific,Hong Kong,71 ms,19470 kB/s
47.243.74.220,2052,FALSE,HKG,Asia Pacific,Hong Kong,70 ms,31485 kB/s
47.243.90.180,2052,FALSE,HKG,Asia Pacific,Hong Kong,68 ms,23714 kB/s
8.210.100.23,2052,FALSE,HKG,Asia Pacific,Hong Kong,57 ms,25034 kB/s
8.210.107.246,2052,FALSE,HKG,Asia Pacific,Hong Kong,64 ms,25889 kB/s
8.210.126.88,2052,FALSE,HKG,Asia Pacific,Hong Kong,63 ms,61 kB/s
8.210.21.65,2052,FALSE,HKG,Asia Pacific,Hong Kong,63 ms,27569 kB/s
8.210.3.24,2052,FALSE,HKG,Asia Pacific,Hong Kong,65 ms,23527 kB/s
8.210.39.96,2052,FALSE,HKG,Asia Pacific,Hong Kong,58 ms,18727 kB/s
8.210.63.130,2052,FALSE,HKG,Asia Pacific,Hong Kong,63 ms,13472 kB/s
8.210.85.222,2052,FALSE,HKG,Asia Pacific,Hong Kong,61 ms,18485 kB/s
8.210.89.245,2052,FALSE,HKG,Asia Pacific,Hong Kong,60 ms,15718 kB/s
8.217.145.40,2052,FALSE,HKG,Asia Pacific,Hong Kong,68 ms,20208 kB/s
8.217.154.218,2052,FALSE,HKG,Asia Pacific,Hong Kong,66 ms,23612 kB/s
8.217.181.213,2052,FALSE,HKG,Asia Pacific,Hong Kong,65 ms,24909 kB/s
8.217.193.25,2052,FALSE,HKG,Asia Pacific,Hong Kong,67 ms,18017 kB/s
8.217.221.165,2052,FALSE,HKG,Asia Pacific,Hong Kong,66 ms,20904 kB/s
8.217.248.220,2052,FALSE,HKG,Asia Pacific,Hong Kong,68 ms,0 kB/s
8.217.250.5,2052,FALSE,HKG,Asia Pacific,Hong Kong,60 ms,30710 kB/s
8.217.251.62,2052,FALSE,HKG,Asia Pacific,Hong Kong,67 ms,21322 kB/s
8.217.49.34,2052,FALSE,HKG,Asia Pacific,Hong Kong,59 ms,29298 kB/s
8.217.50.252,2052,FALSE,HKG,Asia Pacific,Hong Kong,61 ms,24008 kB/s
8.217.66.3,2052,FALSE,HKG,Asia Pacific,Hong Kong,61 ms,5883 kB/s
8.217.91.121,2052,FALSE,HKG,Asia Pacific,Hong Kong,63 ms,26521 kB/s
8.218.11.90,2052,FALSE,HKG,Asia Pacific,Hong Kong,61 ms,19515 kB/s
8.218.136.25,2052,FALSE,HKG,Asia Pacific,Hong Kong,71 ms,20863 kB/s
8.218.146.204,2052,FALSE,HKG,Asia Pacific,Hong Kong,68 ms,24980 kB/s
8.218.173.78,2052,FALSE,HKG,Asia Pacific,Hong Kong,59 ms,14330 kB/s
8.218.174.118,2052,FALSE,HKG,Asia Pacific,Hong Kong,67 ms,21061 kB/s
8.218.178.79,2052,FALSE,HKG,Asia Pacific,Hong Kong,61 ms,22143 kB/s
8.218.18.235,2052,FALSE,HKG,Asia Pacific,Hong Kong,75 ms,21277 kB/s
8.218.188.129,2052,FALSE,HKG,Asia Pacific,Hong Kong,62 ms,31358 kB/s
8.218.201.73,2052,FALSE,HKG,Asia Pacific,Hong Kong,65 ms,18530 kB/s
8.218.211.17,2052,FALSE,HKG,Asia Pacific,Hong Kong,61 ms,22114 kB/s
8.218.22.210,2052,FALSE,HKG,Asia Pacific,Hong Kong,58 ms,22982 kB/s
8.218.222.36,2052,FALSE,HKG,Asia Pacific,Hong Kong,58 ms,17339 kB/s
8.218.228.152,2052,FALSE,HKG,Asia Pacific,Hong Kong,59 ms,27926 kB/s
8.218.3.12,2052,FALSE,HKG,Asia Pacific,Hong Kong,58 ms,26061 kB/s
8.218.3.198,2052,FALSE,HKG,Asia Pacific,Hong Kong,64 ms,25143 kB/s
8.218.48.92,2052,FALSE,HKG,Asia Pacific,Hong Kong,62 ms,26878 kB/s
8.218.52.115,2052,FALSE,HKG,Asia Pacific,Hong Kong,68 ms,14857 kB/s
8.218.65.237,2052,FALSE,HKG,Asia Pacific,Hong Kong,64 ms,15714 kB/s
8.218.74.119,2052,FALSE,HKG,Asia Pacific,Hong Kong,72 ms,23291 kB/s
8.218.8.142,2052,FALSE,HKG,Asia Pacific,Hong Kong,58 ms,25103 kB/s
8.218.81.14,2052,FALSE,HKG,Asia Pacific,Hong Kong,65 ms,22265 kB/s
47.242.174.27,2082,FALSE,HKG,Asia Pacific,Hong Kong,62 ms,20654 kB/s
47.242.183.7,2082,FALSE,HKG,Asia Pacific,Hong Kong,64 ms,25053 kB/s
47.242.232.14,2082,FALSE,HKG,Asia Pacific,Hong Kong,66 ms,23349 kB/s
47.242.252.237,2082,FALSE,HKG,Asia Pacific,Hong Kong,66 ms,14507 kB/s
47.242.36.78,2082,FALSE,HKG,Asia Pacific,Hong Kong,68 ms,16014 kB/s
47.243.120.239,2082,FALSE,HKG,Asia Pacific,Hong Kong,62 ms,54 kB/s
47.243.139.85,2082,FALSE,HKG,Asia Pacific,Hong Kong,59 ms,25985 kB/s
47.243.169.90,2082,FALSE,HKG,Asia Pacific,Hong Kong,61 ms,51 kB/s
47.243.70.186,2082,FALSE,HKG,Asia Pacific,Hong Kong,60 ms,30655 kB/s
47.243.74.220,2082,FALSE,HKG,Asia Pacific,Hong Kong,58 ms,15954 kB/s
47.243.86.79,2082,FALSE,HKG,Asia Pacific,Hong Kong,65 ms,23121 kB/s
47.243.90.180,2082,FALSE,HKG,Asia Pacific,Hong Kong,67 ms,20909 kB/s
8.210.107.246,2082,FALSE,HKG,Asia Pacific,Hong Kong,77 ms,34917 kB/s
8.210.126.88,2082,FALSE,HKG,Asia Pacific,Hong Kong,60 ms,61 kB/s
8.210.39.96,2082,FALSE,HKG,Asia Pacific,Hong Kong,69 ms,20718 kB/s
8.210.48.107,2082,FALSE,HKG,Asia Pacific,Hong Kong,68 ms,22898 kB/s
8.210.63.130,2082,FALSE,HKG,Asia Pacific,Hong Kong,71 ms,18266 kB/s
8.210.89.245,2082,FALSE,HKG,Asia Pacific,Hong Kong,68 ms,27003 kB/s
8.217.145.40,2082,FALSE,HKG,Asia Pacific,Hong Kong,65 ms,21442 kB/s
8.217.149.28,2082,FALSE,HKG,Asia Pacific,Hong Kong,71 ms,20051 kB/s
8.217.154.218,2082,FALSE,HKG,Asia Pacific,Hong Kong,72 ms,14275 kB/s
8.217.181.213,2082,FALSE,HKG,Asia Pacific,Hong Kong,69 ms,19055 kB/s
8.217.193.25,2082,FALSE,HKG,Asia Pacific,Hong Kong,67 ms,15084 kB/s
8.217.221.165,2082,FALSE,HKG,Asia Pacific,Hong Kong,72 ms,13699 kB/s
8.217.248.220,2082,FALSE,HKG,Asia Pacific,Hong Kong,61 ms,18136 kB/s
8.217.251.62,2082,FALSE,HKG,Asia Pacific,Hong Kong,67 ms,28558 kB/s
8.217.49.34,2082,FALSE,HKG,Asia Pacific,Hong Kong,70 ms,21398 kB/s
8.217.66.3,2082,FALSE,HKG,Asia Pacific,Hong Kong,67 ms,3749 kB/s
8.217.85.14,2082,FALSE,HKG,Asia Pacific,Hong Kong,68 ms,13299 kB/s
8.218.11.90,2082,FALSE,HKG,Asia Pacific,Hong Kong,65 ms,18553 kB/s
8.218.126.53,2082,FALSE,HKG,Asia Pacific,Hong Kong,56 ms,21636 kB/s
8.218.136.25,2082,FALSE,HKG,Asia Pacific,Hong Kong,62 ms,21881 kB/s
8.218.142.253,2082,FALSE,HKG,Asia Pacific,Hong Kong,59 ms,18670 kB/s
8.218.146.204,2082,FALSE,HKG,Asia Pacific,Hong Kong,57 ms,21131 kB/s
8.218.173.78,2082,FALSE,HKG,Asia Pacific,Hong Kong,62 ms,20996 kB/s
8.218.174.118,2082,FALSE,HKG,Asia Pacific,Hong Kong,75 ms,19253 kB/s
8.218.178.79,2082,FALSE,HKG,Asia Pacific,Hong Kong,65 ms,18016 kB/s
8.218.18.235,2082,FALSE,HKG,Asia Pacific,Hong Kong,70 ms,23362 kB/s
8.218.181.189,2082,FALSE,HKG,Asia Pacific,Hong Kong,67 ms,19993 kB/s
8.218.188.129,2082,FALSE,HKG,Asia Pacific,Hong Kong,61 ms,17618 kB/s
8.218.2.181,2082,FALSE,HKG,Asia Pacific,Hong Kong,61 ms,28798 kB/s
8.218.201.73,2082,FALSE,HKG,Asia Pacific,Hong Kong,63 ms,21533 kB/s
8.218.211.17,2082,FALSE,HKG,Asia Pacific,Hong Kong,63 ms,20065 kB/s
8.218.22.210,2082,FALSE,HKG,Asia Pacific,Hong Kong,59 ms,14731 kB/s
8.218.222.36,2082,FALSE,HKG,Asia Pacific,Hong Kong,68 ms,22169 kB/s
8.218.243.95,2082,FALSE,HKG,Asia Pacific,Hong Kong,63 ms,18501 kB/s
8.218.3.12,2082,FALSE,HKG,Asia Pacific,Hong Kong,69 ms,21927 kB/s
8.218.48.92,2082,FALSE,HKG,Asia Pacific,Hong Kong,63 ms,22349 kB/s
8.218.65.237,2082,FALSE,HKG,Asia Pacific,Hong Kong,65 ms,14813 kB/s
8.218.81.14,2082,FALSE,HKG,Asia Pacific,Hong Kong,58 ms,21924 kB/s
8.218.92.195,2082,FALSE,HKG,Asia Pacific,Hong Kong,53 ms,63 kB/s
47.242.232.14,2086,FALSE,HKG,Asia Pacific,Hong Kong,68 ms,31089 kB/s
47.242.252.237,2086,FALSE,HKG,Asia Pacific,Hong Kong,70 ms,9284 kB/s
47.242.36.78,2086,FALSE,HKG,Asia Pacific,Hong Kong,68 ms,22574 kB/s
47.243.120.239,2086,FALSE,HKG,Asia Pacific,Hong Kong,56 ms,59 kB/s
47.243.169.90,2086,FALSE,HKG,Asia Pacific,Hong Kong,66 ms,57 kB/s
47.243.198.198,2086,FALSE,HKG,Asia Pacific,Hong Kong,72 ms,57 kB/s
47.243.60.150,2086,FALSE,HKG,Asia Pacific,Hong Kong,60 ms,28862 kB/s
47.243.70.186,2086,FALSE,HKG,Asia Pacific,Hong Kong,58 ms,25194 kB/s
47.243.74.220,2086,FALSE,HKG,Asia Pacific,Hong Kong,59 ms,22419 kB/s
47.243.86.79,2086,FALSE,HKG,Asia Pacific,Hong Kong,66 ms,3427 kB/s
8.210.100.23,2086,FALSE,HKG,Asia Pacific,Hong Kong,66 ms,27128 kB/s
8.210.107.246,2086,FALSE,HKG,Asia Pacific,Hong Kong,64 ms,20762 kB/s
8.210.126.88,2086,FALSE,HKG,Asia Pacific,Hong Kong,69 ms,60 kB/s
8.210.21.65,2086,FALSE,HKG,Asia Pacific,Hong Kong,59 ms,21953 kB/s
8.210.3.24,2086,FALSE,HKG,Asia Pacific,Hong Kong,59 ms,20241 kB/s
8.210.48.107,2086,FALSE,HKG,Asia Pacific,Hong Kong,56 ms,22087 kB/s
8.210.63.130,2086,FALSE,HKG,Asia Pacific,Hong Kong,62 ms,16867 kB/s
8.210.85.222,2086,FALSE,HKG,Asia Pacific,Hong Kong,63 ms,20971 kB/s
8.210.89.245,2086,FALSE,HKG,Asia Pacific,Hong Kong,62 ms,19071 kB/s
8.217.149.28,2086,FALSE,HKG,Asia Pacific,Hong Kong,62 ms,23271 kB/s
8.217.154.218,2086,FALSE,HKG,Asia Pacific,Hong Kong,69 ms,22070 kB/s
8.217.207.60,2086,FALSE,HKG,Asia Pacific,Hong Kong,67 ms,19332 kB/s
8.217.221.165,2086,FALSE,HKG,Asia Pacific,Hong Kong,71 ms,27782 kB/s
8.217.239.116,2086,FALSE,HKG,Asia Pacific,Hong Kong,69 ms,30030 kB/s
8.217.250.5,2086,FALSE,HKG,Asia Pacific,Hong Kong,71 ms,23947 kB/s
8.217.251.62,2086,FALSE,HKG,Asia Pacific,Hong Kong,70 ms,19895 kB/s
8.217.49.34,2086,FALSE,HKG,Asia Pacific,Hong Kong,68 ms,17515 kB/s
8.217.85.14,2086,FALSE,HKG,Asia Pacific,Hong Kong,59 ms,24831 kB/s
8.217.91.121,2086,FALSE,HKG,Asia Pacific,Hong Kong,65 ms,19623 kB/s
8.218.11.90,2086,FALSE,HKG,Asia Pacific,Hong Kong,68 ms,22825 kB/s
8.218.126.53,2086,FALSE,HKG,Asia Pacific,Hong Kong,64 ms,20540 kB/s
8.218.136.25,2086,FALSE,HKG,Asia Pacific,Hong Kong,64 ms,16503 kB/s
8.218.142.253,2086,FALSE,HKG,Asia Pacific,Hong Kong,63 ms,21882 kB/s
8.218.146.204,2086,FALSE,HKG,Asia Pacific,Hong Kong,70 ms,20989 kB/s
8.218.173.78,2086,FALSE,HKG,Asia Pacific,Hong Kong,67 ms,27421 kB/s
8.218.178.79,2086,FALSE,HKG,Asia Pacific,Hong Kong,71 ms,16060 kB/s
8.218.18.132,2086,FALSE,HKG,Asia Pacific,Hong Kong,65 ms,22780 kB/s
8.218.181.189,2086,FALSE,HKG,Asia Pacific,Hong Kong,68 ms,18228 kB/s
8.218.188.129,2086,FALSE,HKG,Asia Pacific,Hong Kong,67 ms,27219 kB/s
8.218.201.73,2086,FALSE,HKG,Asia Pacific,Hong Kong,67 ms,22772 kB/s
8.218.207.169,2086,FALSE,HKG,Asia Pacific,Hong Kong,71 ms,21159 kB/s
8.218.211.17,2086,FALSE,HKG,Asia Pacific,Hong Kong,59 ms,16953 kB/s
8.218.22.210,2086,FALSE,HKG,Asia Pacific,Hong Kong,65 ms,16134 kB/s
8.218.222.36,2086,FALSE,HKG,Asia Pacific,Hong Kong,67 ms,24754 kB/s
8.218.243.95,2086,FALSE,HKG,Asia Pacific,Hong Kong,70 ms,18559 kB/s
8.218.3.12,2086,FALSE,HKG,Asia Pacific,Hong Kong,65 ms,4636 kB/s
8.218.3.198,2086,FALSE,HKG,Asia Pacific,Hong Kong,70 ms,28104 kB/s
8.218.48.92,2086,FALSE,HKG,Asia Pacific,Hong Kong,67 ms,21094 kB/s
8.218.52.115,2086,FALSE,HKG,Asia Pacific,Hong Kong,63 ms,17908 kB/s
8.218.65.237,2086,FALSE,HKG,Asia Pacific,Hong Kong,67 ms,19571 kB/s
8.218.74.119,2086,FALSE,HKG,Asia Pacific,Hong Kong,65 ms,25910 kB/s
8.218.8.142,2086,FALSE,HKG,Asia Pacific,Hong Kong,67 ms,29968 kB/s
8.218.81.14,2086,FALSE,HKG,Asia Pacific,Hong Kong,59 ms,23898 kB/s
8.218.92.195,2086,FALSE,HKG,Asia Pacific,Hong Kong,63 ms,54 kB/s
47.242.155.183,2095,FALSE,HKG,Asia Pacific,Hong Kong,69 ms,28553 kB/s
47.242.183.7,2095,FALSE,HKG,Asia Pacific,Hong Kong,84 ms,22285 kB/s
47.242.232.14,2095,FALSE,HKG,Asia Pacific,Hong Kong,73 ms,26706 kB/s
47.242.252.237,2095,FALSE,HKG,Asia Pacific,Hong Kong,73 ms,971 kB/s
47.242.36.78,2095,FALSE,HKG,Asia Pacific,Hong Kong,61 ms,31648 kB/s
47.243.120.239,2095,FALSE,HKG,Asia Pacific,Hong Kong,58 ms,62 kB/s
47.243.139.85,2095,FALSE,HKG,Asia Pacific,Hong Kong,57 ms,8297 kB/s
47.243.169.90,2095,FALSE,HKG,Asia Pacific,Hong Kong,55 ms,65 kB/s
47.243.198.198,2095,FALSE,HKG,Asia Pacific,Hong Kong,65 ms,59 kB/s
47.243.74.220,2095,FALSE,HKG,Asia Pacific,Hong Kong,57 ms,19860 kB/s
47.243.86.79,2095,FALSE,HKG,Asia Pacific,Hong Kong,62 ms,7493 kB/s
47.243.90.180,2095,FALSE,HKG,Asia Pacific,Hong Kong,63 ms,2171 kB/s
8.210.100.23,2095,FALSE,HKG,Asia Pacific,Hong Kong,77 ms,31614 kB/s
8.210.107.246,2095,FALSE,HKG,Asia Pacific,Hong Kong,89 ms,15742 kB/s
8.210.126.88,2095,FALSE,HKG,Asia Pacific,Hong Kong,62 ms,64 kB/s
8.210.21.65,2095,FALSE,HKG,Asia Pacific,Hong Kong,60 ms,21151 kB/s
8.210.3.24,2095,FALSE,HKG,Asia Pacific,Hong Kong,62 ms,23768 kB/s
8.210.39.96,2095,FALSE,HKG,Asia Pacific,Hong Kong,57 ms,18287 kB/s
8.210.48.107,2095,FALSE,HKG,Asia Pacific,Hong Kong,84 ms,21542 kB/s
8.210.85.222,2095,FALSE,HKG,Asia Pacific,Hong Kong,59 ms,16273 kB/s
8.210.89.245,2095,FALSE,HKG,Asia Pacific,Hong Kong,62 ms,15593 kB/s
8.217.145.40,2095,FALSE,HKG,Asia Pacific,Hong Kong,60 ms,20304 kB/s
8.217.149.28,2095,FALSE,HKG,Asia Pacific,Hong Kong,64 ms,32270 kB/s
8.217.207.60,2095,FALSE,HKG,Asia Pacific,Hong Kong,57 ms,23503 kB/s
8.217.221.165,2095,FALSE,HKG,Asia Pacific,Hong Kong,67 ms,13337 kB/s
8.217.239.116,2095,FALSE,HKG,Asia Pacific,Hong Kong,67 ms,21083 kB/s
8.217.248.220,2095,FALSE,HKG,Asia Pacific,Hong Kong,68 ms,23908 kB/s
8.217.250.5,2095,FALSE,HKG,Asia Pacific,Hong Kong,61 ms,24739 kB/s
8.217.50.252,2095,FALSE,HKG,Asia Pacific,Hong Kong,62 ms,20343 kB/s
8.217.85.14,2095,FALSE,HKG,Asia Pacific,Hong Kong,60 ms,21285 kB/s
8.217.91.121,2095,FALSE,HKG,Asia Pacific,Hong Kong,61 ms,19175 kB/s
8.218.126.53,2095,FALSE,HKG,Asia Pacific,Hong Kong,61 ms,22823 kB/s
8.218.136.25,2095,FALSE,HKG,Asia Pacific,Hong Kong,61 ms,23454 kB/s
8.218.142.253,2095,FALSE,HKG,Asia Pacific,Hong Kong,62 ms,16747 kB/s
8.218.146.204,2095,FALSE,HKG,Asia Pacific,Hong Kong,63 ms,22403 kB/s
8.218.174.118,2095,FALSE,HKG,Asia Pacific,Hong Kong,67 ms,20601 kB/s
8.218.178.79,2095,FALSE,HKG,Asia Pacific,Hong Kong,69 ms,23295 kB/s
8.218.18.132,2095,FALSE,HKG,Asia Pacific,Hong Kong,65 ms,20438 kB/s
8.218.18.235,2095,FALSE,HKG,Asia Pacific,Hong Kong,69 ms,18854 kB/s
8.218.181.189,2095,FALSE,HKG,Asia Pacific,Hong Kong,63 ms,16954 kB/s
8.218.188.129,2095,FALSE,HKG,Asia Pacific,Hong Kong,64 ms,23756 kB/s
8.218.207.169,2095,FALSE,HKG,Asia Pacific,Hong Kong,67 ms,20293 kB/s
8.218.211.17,2095,FALSE,HKG,Asia Pacific,Hong Kong,66 ms,20783 kB/s
8.218.22.210,2095,FALSE,HKG,Asia Pacific,Hong Kong,61 ms,16677 kB/s
8.218.228.152,2095,FALSE,HKG,Asia Pacific,Hong Kong,63 ms,20259 kB/s
8.218.243.95,2095,FALSE,HKG,Asia Pacific,Hong Kong,60 ms,19511 kB/s
8.218.3.198,2095,FALSE,HKG,Asia Pacific,Hong Kong,77 ms,33486 kB/s
8.218.48.92,2095,FALSE,HKG,Asia Pacific,Hong Kong,76 ms,24502 kB/s
8.218.52.115,2095,FALSE,HKG,Asia Pacific,Hong Kong,85 ms,28613 kB/s
8.218.65.237,2095,FALSE,HKG,Asia Pacific,Hong Kong,64 ms,18574 kB/s
8.218.74.119,2095,FALSE,HKG,Asia Pacific,Hong Kong,64 ms,20478 kB/s
8.218.81.14,2095,FALSE,HKG,Asia Pacific,Hong Kong,62 ms,19772 kB/s
8.218.85.128,2095,FALSE,HKG,Asia Pacific,Hong Kong,61 ms,19021 kB/s
8.218.92.195,2095,FALSE,HKG,Asia Pacific,Hong Kong,60 ms,55 kB/s
47.242.155.183,8080,FALSE,HKG,Asia Pacific,Hong Kong,60 ms,21167 kB/s
47.242.174.27,8080,FALSE,HKG,Asia Pacific,Hong Kong,67 ms,8315 kB/s
47.242.36.78,8080,FALSE,HKG,Asia Pacific,Hong Kong,59 ms,22333 kB/s
47.243.120.239,8080,FALSE,HKG,Asia Pacific,Hong Kong,66 ms,61 kB/s
47.243.139.85,8080,FALSE,HKG,Asia Pacific,Hong Kong,110 ms,38586 kB/s
47.243.169.90,8080,FALSE,HKG,Asia Pacific,Hong Kong,60 ms,60 kB/s
47.243.198.198,8080,FALSE,HKG,Asia Pacific,Hong Kong,62 ms,32 kB/s
47.243.60.150,8080,FALSE,HKG,Asia Pacific,Hong Kong,66 ms,10169 kB/s
47.243.70.186,8080,FALSE,HKG,Asia Pacific,Hong Kong,64 ms,30260 kB/s
47.243.74.220,8080,FALSE,HKG,Asia Pacific,Hong Kong,61 ms,21525 kB/s
47.243.86.79,8080,FALSE,HKG,Asia Pacific,Hong Kong,67 ms,4952 kB/s
47.243.90.180,8080,FALSE,HKG,Asia Pacific,Hong Kong,72 ms,28256 kB/s
8.210.100.23,8080,FALSE,HKG,Asia Pacific,Hong Kong,72 ms,35365 kB/s
8.210.126.88,8080,FALSE,HKG,Asia Pacific,Hong Kong,59 ms,62 kB/s
8.210.21.65,8080,FALSE,HKG,Asia Pacific,Hong Kong,61 ms,36432 kB/s
8.210.39.96,8080,FALSE,HKG,Asia Pacific,Hong Kong,73 ms,30499 kB/s
8.210.48.107,8080,FALSE,HKG,Asia Pacific,Hong Kong,70 ms,31407 kB/s
8.210.63.130,8080,FALSE,HKG,Asia Pacific,Hong Kong,69 ms,24393 kB/s
8.217.145.40,8080,FALSE,HKG,Asia Pacific,Hong Kong,65 ms,15023 kB/s
8.217.181.213,8080,FALSE,HKG,Asia Pacific,Hong Kong,61 ms,22773 kB/s
8.217.193.25,8080,FALSE,HKG,Asia Pacific,Hong Kong,65 ms,21977 kB/s
8.217.207.60,8080,FALSE,HKG,Asia Pacific,Hong Kong,65 ms,28902 kB/s
8.217.49.34,8080,FALSE,HKG,Asia Pacific,Hong Kong,61 ms,33072 kB/s
8.217.50.252,8080,FALSE,HKG,Asia Pacific,Hong Kong,62 ms,29615 kB/s
8.217.66.3,8080,FALSE,HKG,Asia Pacific,Hong Kong,61 ms,0 kB/s
8.217.85.14,8080,FALSE,HKG,Asia Pacific,Hong Kong,65 ms,2084 kB/s
8.218.11.90,8080,FALSE,HKG,Asia Pacific,Hong Kong,75 ms,30862 kB/s
8.218.126.53,8080,FALSE,HKG,Asia Pacific,Hong Kong,66 ms,34031 kB/s
8.218.142.253,8080,FALSE,HKG,Asia Pacific,Hong Kong,68 ms,32643 kB/s
8.218.173.78,8080,FALSE,HKG,Asia Pacific,Hong Kong,64 ms,15156 kB/s
8.218.174.118,8080,FALSE,HKG,Asia Pacific,Hong Kong,65 ms,21367 kB/s
8.218.178.79,8080,FALSE,HKG,Asia Pacific,Hong Kong,65 ms,26175 kB/s
8.218.18.132,8080,FALSE,HKG,Asia Pacific,Hong Kong,58 ms,17673 kB/s
8.218.18.235,8080,FALSE,HKG,Asia Pacific,Hong Kong,80 ms,25518 kB/s
8.218.207.169,8080,FALSE,HKG,Asia Pacific,Hong Kong,62 ms,25304 kB/s
8.218.211.17,8080,FALSE,HKG,Asia Pacific,Hong Kong,61 ms,19640 kB/s
8.218.22.210,8080,FALSE,HKG,Asia Pacific,Hong Kong,76 ms,27308 kB/s
8.218.222.36,8080,FALSE,HKG,Asia Pacific,Hong Kong,61 ms,23505 kB/s
8.218.243.95,8080,FALSE,HKG,Asia Pacific,Hong Kong,65 ms,26306 kB/s
8.218.3.198,8080,FALSE,HKG,Asia Pacific,Hong Kong,75 ms,22881 kB/s
8.218.81.14,8080,FALSE,HKG,Asia Pacific,Hong Kong,65 ms,31714 kB/s
8.218.85.128,8080,FALSE,HKG,Asia Pacific,Hong Kong,71 ms,23490 kB/s
8.218.92.195,8080,FALSE,HKG,Asia Pacific,Hong Kong,64 ms,60 kB/s
47.242.155.183,8880,FALSE,HKG,Asia Pacific,Hong Kong,70 ms,10655 kB/s
47.242.174.27,8880,FALSE,HKG,Asia Pacific,Hong Kong,73 ms,25315 kB/s
47.242.183.7,8880,FALSE,HKG,Asia Pacific,Hong Kong,57 ms,29521 kB/s
47.242.252.237,8880,FALSE,HKG,Asia Pacific,Hong Kong,60 ms,20077 kB/s
47.243.120.239,8880,FALSE,HKG,Asia Pacific,Hong Kong,61 ms,73 kB/s
47.243.139.85,8880,FALSE,HKG,Asia Pacific,Hong Kong,61 ms,22689 kB/s
47.243.198.198,8880,FALSE,HKG,Asia Pacific,Hong Kong,67 ms,49 kB/s
47.243.60.150,8880,FALSE,HKG,Asia Pacific,Hong Kong,60 ms,630 kB/s
47.243.70.186,8880,FALSE,HKG,Asia Pacific,Hong Kong,61 ms,11646 kB/s
47.243.74.220,8880,FALSE,HKG,Asia Pacific,Hong Kong,62 ms,33676 kB/s
47.243.86.79,8880,FALSE,HKG,Asia Pacific,Hong Kong,66 ms,9427 kB/s
47.243.90.180,8880,FALSE,HKG,Asia Pacific,Hong Kong,65 ms,27705 kB/s
8.210.100.23,8880,FALSE,HKG,Asia Pacific,Hong Kong,67 ms,21986 kB/s
8.210.107.246,8880,FALSE,HKG,Asia Pacific,Hong Kong,68 ms,15562 kB/s
8.210.126.88,8880,FALSE,HKG,Asia Pacific,Hong Kong,67 ms,52 kB/s
8.210.3.24,8880,FALSE,HKG,Asia Pacific,Hong Kong,58 ms,17494 kB/s
8.210.39.96,8880,FALSE,HKG,Asia Pacific,Hong Kong,65 ms,28179 kB/s
8.210.48.107,8880,FALSE,HKG,Asia Pacific,Hong Kong,57 ms,18298 kB/s
8.210.63.130,8880,FALSE,HKG,Asia Pacific,Hong Kong,58 ms,16418 kB/s
8.210.85.222,8880,FALSE,HKG,Asia Pacific,Hong Kong,61 ms,1509 kB/s
8.217.154.218,8880,FALSE,HKG,Asia Pacific,Hong Kong,74 ms,17117 kB/s
8.217.181.213,8880,FALSE,HKG,Asia Pacific,Hong Kong,75 ms,17709 kB/s
8.217.193.25,8880,FALSE,HKG,Asia Pacific,Hong Kong,70 ms,22222 kB/s
8.217.221.165,8880,FALSE,HKG,Asia Pacific,Hong Kong,76 ms,25265 kB/s
8.217.239.116,8880,FALSE,HKG,Asia Pacific,Hong Kong,68 ms,23423 kB/s
8.217.248.220,8880,FALSE,HKG,Asia Pacific,Hong Kong,64 ms,21130 kB/s
8.217.250.5,8880,FALSE,HKG,Asia Pacific,Hong Kong,65 ms,27959 kB/s
8.217.251.62,8880,FALSE,HKG,Asia Pacific,Hong Kong,72 ms,14724 kB/s
8.217.49.34,8880,FALSE,HKG,Asia Pacific,Hong Kong,74 ms,22365 kB/s
8.217.66.3,8880,FALSE,HKG,Asia Pacific,Hong Kong,71 ms,0 kB/s
8.217.91.121,8880,FALSE,HKG,Asia Pacific,Hong Kong,71 ms,32048 kB/s
8.218.11.90,8880,FALSE,HKG,Asia Pacific,Hong Kong,65 ms,29627 kB/s
8.218.126.53,8880,FALSE,HKG,Asia Pacific,Hong Kong,68 ms,25150 kB/s
8.218.136.25,8880,FALSE,HKG,Asia Pacific,Hong Kong,72 ms,33202 kB/s
8.218.142.253,8880,FALSE,HKG,Asia Pacific,Hong Kong,68 ms,20618 kB/s
8.218.146.204,8880,FALSE,HKG,Asia Pacific,Hong Kong,68 ms,27414 kB/s
8.218.173.78,8880,FALSE,HKG,Asia Pacific,Hong Kong,58 ms,20985 kB/s
8.218.174.118,8880,FALSE,HKG,Asia Pacific,Hong Kong,67 ms,17358 kB/s
8.218.181.189,8880,FALSE,HKG,Asia Pacific,Hong Kong,66 ms,30540 kB/s
8.218.188.129,8880,FALSE,HKG,Asia Pacific,Hong Kong,62 ms,31288 kB/s
8.218.2.181,8880,FALSE,HKG,Asia Pacific,Hong Kong,60 ms,29819 kB/s
8.218.201.73,8880,FALSE,HKG,Asia Pacific,Hong Kong,62 ms,27522 kB/s
8.218.207.169,8880,FALSE,HKG,Asia Pacific,Hong Kong,64 ms,27786 kB/s
8.218.211.17,8880,FALSE,HKG,Asia Pacific,Hong Kong,59 ms,33072 kB/s
8.218.222.36,8880,FALSE,HKG,Asia Pacific,Hong Kong,63 ms,16592 kB/s
8.218.228.152,8880,FALSE,HKG,Asia Pacific,Hong Kong,61 ms,27570 kB/s
8.218.3.12,8880,FALSE,HKG,Asia Pacific,Hong Kong,61 ms,18940 kB/s
8.218.3.198,8880,FALSE,HKG,Asia Pacific,Hong Kong,66 ms,24172 kB/s
8.218.48.92,8880,FALSE,HKG,Asia Pacific,Hong Kong,65 ms,14566 kB/s
8.218.52.115,8880,FALSE,HKG,Asia Pacific,Hong Kong,73 ms,14899 kB/s
8.218.65.237,8880,FALSE,HKG,Asia Pacific,Hong Kong,71 ms,18478 kB/s
8.218.74.119,8880,FALSE,HKG,Asia Pacific,Hong Kong,71 ms,21548 kB/s
8.218.8.142,8880,FALSE,HKG,Asia Pacific,Hong Kong,59 ms,19038 kB/s
8.218.81.14,8880,FALSE,HKG,Asia Pacific,Hong Kong,67 ms,22435 kB/s
8.218.85.128,8880,FALSE,HKG,Asia Pacific,Hong Kong,72 ms,15730 kB/s
8.218.92.195,8880,FALSE,HKG,Asia Pacific,Hong Kong,67 ms,31 kB/s
152.69.200.206,443,TRUE,HKG,Asia Pacific,Hong Kong,291 ms,5693 kB/s
158.101.148.105,443,TRUE,HKG,Asia Pacific,Hong Kong,159 ms,601 kB/s
47.242.232.14,443,TRUE,HKG,Asia Pacific,Hong Kong,59 ms,20010 kB/s
47.242.41.222,443,TRUE,HKG,Asia Pacific,Hong Kong,59 ms,18970 kB/s
47.57.13.107,443,TRUE,HKG,Asia Pacific,Hong Kong,59 ms,32 kB/s
8.210.118.122,443,TRUE,HKG,Asia Pacific,Hong Kong,58 ms,16222 kB/s
8.218.118.25,443,TRUE,HKG,Asia Pacific,Hong Kong,58 ms,134 kB/s
8.218.207.169,443,TRUE,HKG,Asia Pacific,Hong Kong,64 ms,22780 kB/s
47.242.155.183,2053,TRUE,HKG,Asia Pacific,Hong Kong,60 ms,27723 kB/s
47.242.174.27,2053,TRUE,HKG,Asia Pacific,Hong Kong,59 ms,0 kB/s
47.242.183.7,2053,TRUE,HKG,Asia Pacific,Hong Kong,64 ms,17559 kB/s
47.242.252.237,2053,TRUE,HKG,Asia Pacific,Hong Kong,66 ms,20641 kB/s
47.242.36.78,2053,TRUE,HKG,Asia Pacific,Hong Kong,47 ms,30779 kB/s
47.243.139.85,2053,TRUE,HKG,Asia Pacific,Hong Kong,60 ms,18134 kB/s
47.243.198.198,2053,TRUE,HKG,Asia Pacific,Hong Kong,65 ms,23 kB/s
47.243.60.150,2053,TRUE,HKG,Asia Pacific,Hong Kong,61 ms,19854 kB/s
47.243.70.186,2053,TRUE,HKG,Asia Pacific,Hong Kong,60 ms,19743 kB/s
47.243.74.220,2053,TRUE,HKG,Asia Pacific,Hong Kong,60 ms,26917 kB/s
47.243.86.79,2053,TRUE,HKG,Asia Pacific,Hong Kong,61 ms,22456 kB/s
8.210.126.88,2053,TRUE,HKG,Asia Pacific,Hong Kong,61 ms,31 kB/s
8.210.21.65,2053,TRUE,HKG,Asia Pacific,Hong Kong,60 ms,17294 kB/s
8.210.3.24,2053,TRUE,HKG,Asia Pacific,Hong Kong,58 ms,21864 kB/s
8.210.39.96,2053,TRUE,HKG,Asia Pacific,Hong Kong,62 ms,27811 kB/s
8.210.63.130,2053,TRUE,HKG,Asia Pacific,Hong Kong,63 ms,23863 kB/s
8.210.85.222,2053,TRUE,HKG,Asia Pacific,Hong Kong,61 ms,0 kB/s
8.210.89.245,2053,TRUE,HKG,Asia Pacific,Hong Kong,82 ms,22064 kB/s
8.217.66.3,2053,TRUE,HKG,Asia Pacific,Hong Kong,65 ms,8971 kB/s
8.217.85.14,2053,TRUE,HKG,Asia Pacific,Hong Kong,59 ms,21828 kB/s
8.218.173.78,2053,TRUE,HKG,Asia Pacific,Hong Kong,65 ms,28905 kB/s
8.218.92.195,2053,TRUE,HKG,Asia Pacific,Hong Kong,64 ms,29 kB/s
47.242.174.27,2083,TRUE,HKG,Asia Pacific,Hong Kong,56 ms,18666 kB/s
47.242.36.78,2083,TRUE,HKG,Asia Pacific,Hong Kong,58 ms,23032 kB/s
47.243.120.239,2083,TRUE,HKG,Asia Pacific,Hong Kong,61 ms,31 kB/s
47.243.198.198,2083,TRUE,HKG,Asia Pacific,Hong Kong,67 ms,19 kB/s
47.243.70.186,2083,TRUE,HKG,Asia Pacific,Hong Kong,61 ms,28118 kB/s
47.243.90.180,2083,TRUE,HKG,Asia Pacific,Hong Kong,60 ms,27900 kB/s
8.210.100.23,2083,TRUE,HKG,Asia Pacific,Hong Kong,62 ms,24148 kB/s
8.210.107.246,2083,TRUE,HKG,Asia Pacific,Hong Kong,65 ms,24507 kB/s
8.210.3.24,2083,TRUE,HKG,Asia Pacific,Hong Kong,133 ms,13788 kB/s
8.210.39.96,2083,TRUE,HKG,Asia Pacific,Hong Kong,68 ms,29069 kB/s
8.210.48.107,2083,TRUE,HKG,Asia Pacific,Hong Kong,62 ms,21596 kB/s
8.210.63.130,2083,TRUE,HKG,Asia Pacific,Hong Kong,65 ms,24309 kB/s
8.210.85.222,2083,TRUE,HKG,Asia Pacific,Hong Kong,63 ms,23186 kB/s
8.210.89.245,2083,TRUE,HKG,Asia Pacific,Hong Kong,64 ms,28066 kB/s
8.217.85.14,2083,TRUE,HKG,Asia Pacific,Hong Kong,63 ms,3481 kB/s
8.218.142.253,2083,TRUE,HKG,Asia Pacific,Hong Kong,60 ms,11953 kB/s
8.218.92.195,2083,TRUE,HKG,Asia Pacific,Hong Kong,57 ms,28 kB/s
47.242.155.183,2087,TRUE,HKG,Asia Pacific,Hong Kong,57 ms,20738 kB/s
47.242.174.27,2087,TRUE,HKG,Asia Pacific,Hong Kong,62 ms,23032 kB/s
47.242.183.7,2087,TRUE,HKG,Asia Pacific,Hong Kong,70 ms,30996 kB/s
47.242.252.237,2087,TRUE,HKG,Asia Pacific,Hong Kong,63 ms,7046 kB/s
47.243.120.239,2087,TRUE,HKG,Asia Pacific,Hong Kong,69 ms,30 kB/s
47.243.139.85,2087,TRUE,HKG,Asia Pacific,Hong Kong,62 ms,11927 kB/s
47.243.169.90,2087,TRUE,HKG,Asia Pacific,Hong Kong,59 ms,31 kB/s
47.243.198.198,2087,TRUE,HKG,Asia Pacific,Hong Kong,66 ms,25 kB/s
47.243.60.150,2087,TRUE,HKG,Asia Pacific,Hong Kong,61 ms,28270 kB/s
47.243.86.79,2087,TRUE,HKG,Asia Pacific,Hong Kong,78 ms,16752 kB/s
47.243.90.180,2087,TRUE,HKG,Asia Pacific,Hong Kong,78 ms,20358 kB/s
8.210.100.23,2087,TRUE,HKG,Asia Pacific,Hong Kong,60 ms,14771 kB/s
8.210.107.246,2087,TRUE,HKG,Asia Pacific,Hong Kong,63 ms,16683 kB/s
8.210.39.96,2087,TRUE,HKG,Asia Pacific,Hong Kong,62 ms,22388 kB/s
8.210.48.107,2087,TRUE,HKG,Asia Pacific,Hong Kong,56 ms,19510 kB/s
8.210.85.222,2087,TRUE,HKG,Asia Pacific,Hong Kong,61 ms,23586 kB/s
8.210.89.245,2087,TRUE,HKG,Asia Pacific,Hong Kong,61 ms,22339 kB/s
8.217.248.220,2087,TRUE,HKG,Asia Pacific,Hong Kong,59 ms,24418 kB/s
8.218.142.253,2087,TRUE,HKG,Asia Pacific,Hong Kong,60 ms,20098 kB/s
8.218.173.78,2087,TRUE,HKG,Asia Pacific,Hong Kong,65 ms,26781 kB/s
8.218.92.195,2087,TRUE,HKG,Asia Pacific,Hong Kong,57 ms,31 kB/s
47.242.155.183,2096,TRUE,HKG,Asia Pacific,Hong Kong,58 ms,18432 kB/s
47.242.174.27,2096,TRUE,HKG,Asia Pacific,Hong Kong,56 ms,20388 kB/s
47.242.183.7,2096,TRUE,HKG,Asia Pacific,Hong Kong,67 ms,19360 kB/s
47.242.232.14,2096,TRUE,HKG,Asia Pacific,Hong Kong,64 ms,25572 kB/s
47.243.139.85,2096,TRUE,HKG,Asia Pacific,Hong Kong,62 ms,27598 kB/s
47.243.169.90,2096,TRUE,HKG,Asia Pacific,Hong Kong,62 ms,20 kB/s
47.243.70.186,2096,TRUE,HKG,Asia Pacific,Hong Kong,60 ms,21696 kB/s
47.243.74.220,2096,TRUE,HKG,Asia Pacific,Hong Kong,58 ms,21074 kB/s
47.243.86.79,2096,TRUE,HKG,Asia Pacific,Hong Kong,64 ms,11337 kB/s
47.243.90.180,2096,TRUE,HKG,Asia Pacific,Hong Kong,64 ms,22524 kB/s
8.210.100.23,2096,TRUE,HKG,Asia Pacific,Hong Kong,57 ms,21739 kB/s
8.210.126.88,2096,TRUE,HKG,Asia Pacific,Hong Kong,57 ms,29 kB/s
8.210.3.24,2096,TRUE,HKG,Asia Pacific,Hong Kong,62 ms,18310 kB/s
8.210.39.96,2096,TRUE,HKG,Asia Pacific,Hong Kong,66 ms,14033 kB/s
8.210.48.107,2096,TRUE,HKG,Asia Pacific,Hong Kong,62 ms,19911 kB/s
8.210.63.130,2096,TRUE,HKG,Asia Pacific,Hong Kong,63 ms,21501 kB/s
8.210.85.222,2096,TRUE,HKG,Asia Pacific,Hong Kong,62 ms,21878 kB/s
8.217.248.220,2096,TRUE,HKG,Asia Pacific,Hong Kong,67 ms,26584 kB/s
8.217.85.14,2096,TRUE,HKG,Asia Pacific,Hong Kong,59 ms,22496 kB/s
8.218.142.253,2096,TRUE,HKG,Asia Pacific,Hong Kong,62 ms,25013 kB/s
8.218.3.12,2096,TRUE,HKG,Asia Pacific,Hong Kong,66 ms,11184 kB/s
47.242.174.27,8443,TRUE,HKG,Asia Pacific,Hong Kong,74 ms,28539 kB/s
47.242.183.7,8443,TRUE,HKG,Asia Pacific,Hong Kong,62 ms,25793 kB/s
47.242.232.14,8443,TRUE,HKG,Asia Pacific,Hong Kong,66 ms,11945 kB/s
47.242.36.78,8443,TRUE,HKG,Asia Pacific,Hong Kong,65 ms,28602 kB/s
47.243.139.85,8443,TRUE,HKG,Asia Pacific,Hong Kong,60 ms,25443 kB/s
47.243.169.90,8443,TRUE,HKG,Asia Pacific,Hong Kong,59 ms,33 kB/s
47.243.198.198,8443,TRUE,HKG,Asia Pacific,Hong Kong,59 ms,24 kB/s
47.243.60.150,8443,TRUE,HKG,Asia Pacific,Hong Kong,70 ms,29094 kB/s
47.243.74.220,8443,TRUE,HKG,Asia Pacific,Hong Kong,71 ms,7863 kB/s
47.243.86.79,8443,TRUE,HKG,Asia Pacific,Hong Kong,71 ms,1423 kB/s
47.243.90.180,8443,TRUE,HKG,Asia Pacific,Hong Kong,73 ms,23872 kB/s
8.210.100.23,8443,TRUE,HKG,Asia Pacific,Hong Kong,60 ms,15888 kB/s
8.210.126.88,8443,TRUE,HKG,Asia Pacific,Hong Kong,67 ms,32 kB/s
8.210.21.65,8443,TRUE,HKG,Asia Pacific,Hong Kong,71 ms,22860 kB/s
8.210.39.96,8443,TRUE,HKG,Asia Pacific,Hong Kong,65 ms,27406 kB/s
8.210.48.107,8443,TRUE,HKG,Asia Pacific,Hong Kong,66 ms,22810 kB/s
8.210.63.130,8443,TRUE,HKG,Asia Pacific,Hong Kong,69 ms,26827 kB/s
8.210.89.245,8443,TRUE,HKG,Asia Pacific,Hong Kong,70 ms,20776 kB/s
8.218.142.253,8443,TRUE,HKG,Asia Pacific,Hong Kong,64 ms,20567 kB/s
8.218.3.12,8443,TRUE,HKG,Asia Pacific,Hong Kong,59 ms,973 kB/s
141.147.147.28,80,FALSE,KIX,Asia Pacific,Osaka,290 ms,5452 kB/s
141.147.147.28,443,TRUE,KIX,Asia Pacific,Osaka,292 ms,0 kB/s
152.70.86.93,443,TRUE,KIX,Asia Pacific,Osaka,293 ms,0 kB/s
168.138.46.67,443,TRUE,KIX,Asia Pacific,Osaka,294 ms,5911 kB/s
168.138.50.249,443,TRUE,KIX,Asia Pacific,Osaka,299 ms,0 kB/s
152.70.85.165,2083,TRUE,KIX,Asia Pacific,Osaka,282 ms,2482 kB/s
138.2.36.157,8443,TRUE,KIX,Asia Pacific,Osaka,287 ms,0 kB/s
152.69.199.70,8443,TRUE,KIX,Asia Pacific,Osaka,288 ms,0 kB/s
47.245.105.224,80,FALSE,SIN,Asia Pacific,Singapore,81 ms,13527 kB/s
47.245.114.163,80,FALSE,SIN,Asia Pacific,Singapore,82 ms,19116 kB/s
47.245.118.70,80,FALSE,SIN,Asia Pacific,Singapore,88 ms,24958 kB/s
47.245.126.151,80,FALSE,SIN,Asia Pacific,Singapore,81 ms,29273 kB/s
47.245.84.124,80,FALSE,SIN,Asia Pacific,Singapore,87 ms,25647 kB/s
47.245.86.230,80,FALSE,SIN,Asia Pacific,Singapore,79 ms,12260 kB/s
47.245.96.80,80,FALSE,SIN,Asia Pacific,Singapore,88 ms,33302 kB/s
47.74.155.26,80,FALSE,SIN,Asia Pacific,Singapore,68 ms,8388 kB/s
8.212.41.98,80,FALSE,SIN,Asia Pacific,Singapore,57 ms,11547 kB/s
8.219.0.162,80,FALSE,SIN,Asia Pacific,Singapore,79 ms,32962 kB/s
8.219.1.92,80,FALSE,SIN,Asia Pacific,Singapore,67 ms,35549 kB/s
8.219.104.37,80,FALSE,SIN,Asia Pacific,Singapore,78 ms,11649 kB/s
8.219.106.156,80,FALSE,SIN,Asia Pacific,Singapore,81 ms,24683 kB/s
8.219.107.135,80,FALSE,SIN,Asia Pacific,Singapore,78 ms,32844 kB/s
8.219.11.158,80,FALSE,SIN,Asia Pacific,Singapore,77 ms,36818 kB/s
8.219.110.81,80,FALSE,SIN,Asia Pacific,Singapore,75 ms,32741 kB/s
8.219.114.201,80,FALSE,SIN,Asia Pacific,Singapore,79 ms,30617 kB/s
8.219.117.198,80,FALSE,SIN,Asia Pacific,Singapore,79 ms,22978 kB/s
8.219.122.55,80,FALSE,SIN,Asia Pacific,Singapore,71 ms,24858 kB/s
8.219.142.191,80,FALSE,SIN,Asia Pacific,Singapore,85 ms,24702 kB/s
8.219.161.129,80,FALSE,SIN,Asia Pacific,Singapore,73 ms,21052 kB/s
8.219.189.143,80,FALSE,SIN,Asia Pacific,Singapore,76 ms,25381 kB/s
8.219.191.110,80,FALSE,SIN,Asia Pacific,Singapore,71 ms,27239 kB/s
8.219.191.40,80,FALSE,SIN,Asia Pacific,Singapore,75 ms,27054 kB/s
8.219.194.170,80,FALSE,SIN,Asia Pacific,Singapore,78 ms,25737 kB/s
8.219.200.145,80,FALSE,SIN,Asia Pacific,Singapore,76 ms,25729 kB/s
8.219.209.14,80,FALSE,SIN,Asia Pacific,Singapore,79 ms,24286 kB/s
8.219.210.64,80,FALSE,SIN,Asia Pacific,Singapore,88 ms,33536 kB/s
8.219.220.88,80,FALSE,SIN,Asia Pacific,Singapore,79 ms,26406 kB/s
8.219.237.250,80,FALSE,SIN,Asia Pacific,Singapore,77 ms,11694 kB/s
8.219.239.79,80,FALSE,SIN,Asia Pacific,Singapore,89 ms,18584 kB/s
8.219.42.72,80,FALSE,SIN,Asia Pacific,Singapore,83 ms,34148 kB/s
8.219.51.211,80,FALSE,SIN,Asia Pacific,Singapore,90 ms,22038 kB/s
8.219.6.150,80,FALSE,SIN,Asia Pacific,Singapore,80 ms,19237 kB/s
8.219.60.54,80,FALSE,SIN,Asia Pacific,Singapore,78 ms,12940 kB/s
8.219.65.216,80,FALSE,SIN,Asia Pacific,Singapore,78 ms,1175 kB/s
8.219.67.133,80,FALSE,SIN,Asia Pacific,Singapore,79 ms,18255 kB/s
8.219.77.222,80,FALSE,SIN,Asia Pacific,Singapore,79 ms,12322 kB/s
8.219.78.188,80,FALSE,SIN,Asia Pacific,Singapore,78 ms,22405 kB/s
8.219.83.71,80,FALSE,SIN,Asia Pacific,Singapore,79 ms,25242 kB/s
8.219.98.13,80,FALSE,SIN,Asia Pacific,Singapore,84 ms,34883 kB/s
8.222.134.170,80,FALSE,SIN,Asia Pacific,Singapore,85 ms,35174 kB/s
8.222.144.50,80,FALSE,SIN,Asia Pacific,Singapore,88 ms,22562 kB/s
8.222.145.43,80,FALSE,SIN,Asia Pacific,Singapore,79 ms,25716 kB/s
8.222.162.45,80,FALSE,SIN,Asia Pacific,Singapore,89 ms,23766 kB/s
8.222.165.117,80,FALSE,SIN,Asia Pacific,Singapore,89 ms,30226 kB/s
8.222.179.231,80,FALSE,SIN,Asia Pacific,Singapore,84 ms,22795 kB/s
8.222.181.117,80,FALSE,SIN,Asia Pacific,Singapore,93 ms,28096 kB/s
8.222.183.242,80,FALSE,SIN,Asia Pacific,Singapore,79 ms,27654 kB/s
8.222.184.198,80,FALSE,SIN,Asia Pacific,Singapore,85 ms,32123 kB/s
8.222.187.4,80,FALSE,SIN,Asia Pacific,Singapore,77 ms,20638 kB/s
8.222.208.38,80,FALSE,SIN,Asia Pacific,Singapore,82 ms,33466 kB/s
47.245.102.52,2052,FALSE,SIN,Asia Pacific,Singapore,85 ms,29138 kB/s
47.245.105.224,2052,FALSE,SIN,Asia Pacific,Singapore,84 ms,32347 kB/s
47.245.114.163,2052,FALSE,SIN,Asia Pacific,Singapore,67 ms,29081 kB/s
47.245.118.70,2052,FALSE,SIN,Asia Pacific,Singapore,78 ms,26226 kB/s
47.245.126.151,2052,FALSE,SIN,Asia Pacific,Singapore,73 ms,23371 kB/s
47.245.84.124,2052,FALSE,SIN,Asia Pacific,Singapore,78 ms,33054 kB/s
47.245.86.230,2052,FALSE,SIN,Asia Pacific,Singapore,75 ms,30493 kB/s
47.245.96.80,2052,FALSE,SIN,Asia Pacific,Singapore,74 ms,27255 kB/s
8.219.0.162,2052,FALSE,SIN,Asia Pacific,Singapore,74 ms,18793 kB/s
8.219.0.48,2052,FALSE,SIN,Asia Pacific,Singapore,70 ms,25175 kB/s
8.219.1.92,2052,FALSE,SIN,Asia Pacific,Singapore,74 ms,11521 kB/s
8.219.100.168,2052,FALSE,SIN,Asia Pacific,Singapore,79 ms,28064 kB/s
8.219.104.37,2052,FALSE,SIN,Asia Pacific,Singapore,75 ms,13198 kB/s
8.219.106.156,2052,FALSE,SIN,Asia Pacific,Singapore,76 ms,19657 kB/s
8.219.107.135,2052,FALSE,SIN,Asia Pacific,Singapore,78 ms,24399 kB/s
8.219.11.158,2052,FALSE,SIN,Asia Pacific,Singapore,63 ms,20045 kB/s
8.219.110.248,2052,FALSE,SIN,Asia Pacific,Singapore,80 ms,47 kB/s
8.219.110.81,2052,FALSE,SIN,Asia Pacific,Singapore,76 ms,19709 kB/s
8.219.111.175,2052,FALSE,SIN,Asia Pacific,Singapore,69 ms,21526 kB/s
8.219.114.201,2052,FALSE,SIN,Asia Pacific,Singapore,77 ms,22329 kB/s
8.219.117.198,2052,FALSE,SIN,Asia Pacific,Singapore,68 ms,25709 kB/s
8.219.120.87,2052,FALSE,SIN,Asia Pacific,Singapore,77 ms,19897 kB/s
8.219.123.11,2052,FALSE,SIN,Asia Pacific,Singapore,66 ms,48 kB/s
8.219.132.64,2052,FALSE,SIN,Asia Pacific,Singapore,64 ms,26946 kB/s
8.219.139.13,2052,FALSE,SIN,Asia Pacific,Singapore,65 ms,27402 kB/s
8.219.142.191,2052,FALSE,SIN,Asia Pacific,Singapore,77 ms,23968 kB/s
8.219.147.58,2052,FALSE,SIN,Asia Pacific,Singapore,66 ms,22047 kB/s
8.219.161.129,2052,FALSE,SIN,Asia Pacific,Singapore,72 ms,18265 kB/s
8.219.174.142,2052,FALSE,SIN,Asia Pacific,Singapore,71 ms,27173 kB/s
8.219.177.205,2052,FALSE,SIN,Asia Pacific,Singapore,66 ms,22214 kB/s
8.219.191.110,2052,FALSE,SIN,Asia Pacific,Singapore,68 ms,19583 kB/s
8.219.191.40,2052,FALSE,SIN,Asia Pacific,Singapore,70 ms,23195 kB/s
8.219.193.202,2052,FALSE,SIN,Asia Pacific,Singapore,67 ms,23946 kB/s
8.219.194.170,2052,FALSE,SIN,Asia Pacific,Singapore,65 ms,24870 kB/s
8.219.198.139,2052,FALSE,SIN,Asia Pacific,Singapore,73 ms,27436 kB/s
8.219.199.220,2052,FALSE,SIN,Asia Pacific,Singapore,68 ms,24880 kB/s
8.219.200.145,2052,FALSE,SIN,Asia Pacific,Singapore,76 ms,20148 kB/s
8.219.202.130,2052,FALSE,SIN,Asia Pacific,Singapore,71 ms,28898 kB/s
8.219.208.104,2052,FALSE,SIN,Asia Pacific,Singapore,71 ms,47 kB/s
8.219.210.64,2052,FALSE,SIN,Asia Pacific,Singapore,65 ms,31064 kB/s
8.219.222.98,2052,FALSE,SIN,Asia Pacific,Singapore,65 ms,23985 kB/s
8.219.229.190,2052,FALSE,SIN,Asia Pacific,Singapore,71 ms,31881 kB/s
8.219.237.250,2052,FALSE,SIN,Asia Pacific,Singapore,86 ms,26337 kB/s
8.219.239.79,2052,FALSE,SIN,Asia Pacific,Singapore,72 ms,50 kB/s
8.219.240.160,2052,FALSE,SIN,Asia Pacific,Singapore,71 ms,0 kB/s
8.219.4.122,2052,FALSE,SIN,Asia Pacific,Singapore,70 ms,16858 kB/s
8.219.42.72,2052,FALSE,SIN,Asia Pacific,Singapore,75 ms,27046 kB/s
8.219.49.65,2052,FALSE,SIN,Asia Pacific,Singapore,86 ms,20098 kB/s
8.219.50.180,2052,FALSE,SIN,Asia Pacific,Singapore,73 ms,20676 kB/s
8.219.6.150,2052,FALSE,SIN,Asia Pacific,Singapore,78 ms,28096 kB/s
8.219.60.54,2052,FALSE,SIN,Asia Pacific,Singapore,73 ms,17897 kB/s
8.219.67.133,2052,FALSE,SIN,Asia Pacific,Singapore,68 ms,30973 kB/s
8.219.78.1,2052,FALSE,SIN,Asia Pacific,Singapore,69 ms,11013 kB/s
8.219.83.201,2052,FALSE,SIN,Asia Pacific,Singapore,74 ms,31680 kB/s
8.219.83.71,2052,FALSE,SIN,Asia Pacific,Singapore,74 ms,32232 kB/s
8.219.86.200,2052,FALSE,SIN,Asia Pacific,Singapore,85 ms,29084 kB/s
8.219.87.30,2052,FALSE,SIN,Asia Pacific,Singapore,70 ms,17800 kB/s
8.219.93.5,2052,FALSE,SIN,Asia Pacific,Singapore,68 ms,20612 kB/s
8.219.97.50,2052,FALSE,SIN,Asia Pacific,Singapore,75 ms,23144 kB/s
8.219.98.13,2052,FALSE,SIN,Asia Pacific,Singapore,72 ms,13193 kB/s
8.219.99.169,2052,FALSE,SIN,Asia Pacific,Singapore,74 ms,22063 kB/s
8.222.134.170,2052,FALSE,SIN,Asia Pacific,Singapore,84 ms,27728 kB/s
8.222.136.247,2052,FALSE,SIN,Asia Pacific,Singapore,78 ms,25810 kB/s
8.222.137.192,2052,FALSE,SIN,Asia Pacific,Singapore,86 ms,24829 kB/s
8.222.144.50,2052,FALSE,SIN,Asia Pacific,Singapore,85 ms,25141 kB/s
8.222.145.43,2052,FALSE,SIN,Asia Pacific,Singapore,84 ms,51 kB/s
8.222.146.222,2052,FALSE,SIN,Asia Pacific,Singapore,71 ms,10603 kB/s
8.222.150.197,2052,FALSE,SIN,Asia Pacific,Singapore,85 ms,10502 kB/s
8.222.156.242,2052,FALSE,SIN,Asia Pacific,Singapore,78 ms,23397 kB/s
8.222.160.176,2052,FALSE,SIN,Asia Pacific,Singapore,85 ms,22718 kB/s
8.222.162.45,2052,FALSE,SIN,Asia Pacific,Singapore,73 ms,16840 kB/s
8.222.164.209,2052,FALSE,SIN,Asia Pacific,Singapore,77 ms,25979 kB/s
8.222.165.117,2052,FALSE,SIN,Asia Pacific,Singapore,84 ms,23395 kB/s
8.222.169.222,2052,FALSE,SIN,Asia Pacific,Singapore,78 ms,30310 kB/s
8.222.181.117,2052,FALSE,SIN,Asia Pacific,Singapore,87 ms,22595 kB/s
8.222.183.242,2052,FALSE,SIN,Asia Pacific,Singapore,74 ms,20165 kB/s
8.222.184.198,2052,FALSE,SIN,Asia Pacific,Singapore,77 ms,27928 kB/s
8.222.187.4,2052,FALSE,SIN,Asia Pacific,Singapore,73 ms,24710 kB/s
8.222.191.138,2052,FALSE,SIN,Asia Pacific,Singapore,84 ms,18523 kB/s
8.222.193.65,2052,FALSE,SIN,Asia Pacific,Singapore,76 ms,20022 kB/s
8.222.208.38,2052,FALSE,SIN,Asia Pacific,Singapore,84 ms,31520 kB/s
8.222.214.231,2052,FALSE,SIN,Asia Pacific,Singapore,84 ms,209 kB/s
8.222.244.192,2052,FALSE,SIN,Asia Pacific,Singapore,71 ms,22095 kB/s
8.222.249.190,2052,FALSE,SIN,Asia Pacific,Singapore,72 ms,22293 kB/s
47.245.102.52,2082,FALSE,SIN,Asia Pacific,Singapore,81 ms,20209 kB/s
47.245.105.224,2082,FALSE,SIN,Asia Pacific,Singapore,79 ms,17227 kB/s
47.245.114.163,2082,FALSE,SIN,Asia Pacific,Singapore,69 ms,22712 kB/s
47.245.118.70,2082,FALSE,SIN,Asia Pacific,Singapore,79 ms,24645 kB/s
47.245.126.151,2082,FALSE,SIN,Asia Pacific,Singapore,75 ms,14014 kB/s
47.245.84.124,2082,FALSE,SIN,Asia Pacific,Singapore,73 ms,11993 kB/s
47.245.86.230,2082,FALSE,SIN,Asia Pacific,Singapore,71 ms,25622 kB/s
47.245.96.80,2082,FALSE,SIN,Asia Pacific,Singapore,77 ms,25537 kB/s
8.219.0.48,2082,FALSE,SIN,Asia Pacific,Singapore,70 ms,25981 kB/s
8.219.1.92,2082,FALSE,SIN,Asia Pacific,Singapore,71 ms,28984 kB/s
8.219.100.168,2082,FALSE,SIN,Asia Pacific,Singapore,79 ms,22607 kB/s
8.219.104.37,2082,FALSE,SIN,Asia Pacific,Singapore,77 ms,20152 kB/s
8.219.106.156,2082,FALSE,SIN,Asia Pacific,Singapore,78 ms,22407 kB/s
8.219.107.135,2082,FALSE,SIN,Asia Pacific,Singapore,76 ms,29452 kB/s
8.219.11.158,2082,FALSE,SIN,Asia Pacific,Singapore,67 ms,23911 kB/s
8.219.110.248,2082,FALSE,SIN,Asia Pacific,Singapore,78 ms,45 kB/s
8.219.110.81,2082,FALSE,SIN,Asia Pacific,Singapore,80 ms,23267 kB/s
8.219.111.147,2082,FALSE,SIN,Asia Pacific,Singapore,78 ms,21243 kB/s
8.219.111.175,2082,FALSE,SIN,Asia Pacific,Singapore,77 ms,23965 kB/s
8.219.113.232,2082,FALSE,SIN,Asia Pacific,Singapore,79 ms,20004 kB/s
8.219.114.201,2082,FALSE,SIN,Asia Pacific,Singapore,90 ms,22046 kB/s
8.219.117.198,2082,FALSE,SIN,Asia Pacific,Singapore,73 ms,21031 kB/s
8.219.120.87,2082,FALSE,SIN,Asia Pacific,Singapore,72 ms,23527 kB/s
8.219.122.55,2082,FALSE,SIN,Asia Pacific,Singapore,77 ms,21523 kB/s
8.219.123.11,2082,FALSE,SIN,Asia Pacific,Singapore,79 ms,48 kB/s
8.219.124.227,2082,FALSE,SIN,Asia Pacific,Singapore,79 ms,31703 kB/s
8.219.126.240,2082,FALSE,SIN,Asia Pacific,Singapore,80 ms,12388 kB/s
8.219.132.64,2082,FALSE,SIN,Asia Pacific,Singapore,67 ms,19127 kB/s
8.219.142.191,2082,FALSE,SIN,Asia Pacific,Singapore,79 ms,31471 kB/s
8.219.147.58,2082,FALSE,SIN,Asia Pacific,Singapore,72 ms,30260 kB/s
8.219.170.232,2082,FALSE,SIN,Asia Pacific,Singapore,78 ms,18965 kB/s
8.219.174.142,2082,FALSE,SIN,Asia Pacific,Singapore,77 ms,19932 kB/s
8.219.177.205,2082,FALSE,SIN,Asia Pacific,Singapore,73 ms,25018 kB/s
8.219.189.143,2082,FALSE,SIN,Asia Pacific,Singapore,81 ms,21826 kB/s
8.219.191.110,2082,FALSE,SIN,Asia Pacific,Singapore,71 ms,23254 kB/s
8.219.191.40,2082,FALSE,SIN,Asia Pacific,Singapore,74 ms,22336 kB/s
8.219.193.202,2082,FALSE,SIN,Asia Pacific,Singapore,76 ms,23259 kB/s
8.219.194.170,2082,FALSE,SIN,Asia Pacific,Singapore,72 ms,31215 kB/s
8.219.198.139,2082,FALSE,SIN,Asia Pacific,Singapore,80 ms,21298 kB/s
8.219.200.145,2082,FALSE,SIN,Asia Pacific,Singapore,81 ms,11670 kB/s
8.219.201.245,2082,FALSE,SIN,Asia Pacific,Singapore,74 ms,7976 kB/s
8.219.202.130,2082,FALSE,SIN,Asia Pacific,Singapore,72 ms,24449 kB/s
8.219.209.14,2082,FALSE,SIN,Asia Pacific,Singapore,79 ms,24569 kB/s
8.219.210.64,2082,FALSE,SIN,Asia Pacific,Singapore,78 ms,10648 kB/s
8.219.220.88,2082,FALSE,SIN,Asia Pacific,Singapore,70 ms,23704 kB/s
8.219.222.98,2082,FALSE,SIN,Asia Pacific,Singapore,69 ms,20423 kB/s
8.219.229.190,2082,FALSE,SIN,Asia Pacific,Singapore,71 ms,23499 kB/s
8.219.237.250,2082,FALSE,SIN,Asia Pacific,Singapore,64 ms,12559 kB/s
8.219.239.79,2082,FALSE,SIN,Asia Pacific,Singapore,74 ms,39 kB/s
8.219.240.160,2082,FALSE,SIN,Asia Pacific,Singapore,71 ms,0 kB/s
8.219.4.122,2082,FALSE,SIN,Asia Pacific,Singapore,71 ms,22490 kB/s
8.219.40.37,2082,FALSE,SIN,Asia Pacific,Singapore,89 ms,21054 kB/s
8.219.42.72,2082,FALSE,SIN,Asia Pacific,Singapore,77 ms,22320 kB/s
8.219.49.65,2082,FALSE,SIN,Asia Pacific,Singapore,80 ms,12233 kB/s
8.219.51.211,2082,FALSE,SIN,Asia Pacific,Singapore,81 ms,19842 kB/s
8.219.67.133,2082,FALSE,SIN,Asia Pacific,Singapore,71 ms,20515 kB/s
8.219.77.222,2082,FALSE,SIN,Asia Pacific,Singapore,71 ms,25303 kB/s
8.219.78.1,2082,FALSE,SIN,Asia Pacific,Singapore,64 ms,27498 kB/s
8.219.78.188,2082,FALSE,SIN,Asia Pacific,Singapore,75 ms,12482 kB/s
8.219.83.201,2082,FALSE,SIN,Asia Pacific,Singapore,73 ms,22551 kB/s
8.219.83.71,2082,FALSE,SIN,Asia Pacific,Singapore,77 ms,25387 kB/s
8.219.86.200,2082,FALSE,SIN,Asia Pacific,Singapore,81 ms,19874 kB/s
8.219.87.30,2082,FALSE,SIN,Asia Pacific,Singapore,72 ms,26277 kB/s
8.219.93.5,2082,FALSE,SIN,Asia Pacific,Singapore,69 ms,30060 kB/s
8.219.97.50,2082,FALSE,SIN,Asia Pacific,Singapore,81 ms,22192 kB/s
8.219.98.13,2082,FALSE,SIN,Asia Pacific,Singapore,76 ms,29743 kB/s
8.219.99.169,2082,FALSE,SIN,Asia Pacific,Singapore,71 ms,23852 kB/s
8.222.134.170,2082,FALSE,SIN,Asia Pacific,Singapore,76 ms,24735 kB/s
8.222.136.247,2082,FALSE,SIN,Asia Pacific,Singapore,78 ms,32911 kB/s
8.222.137.192,2082,FALSE,SIN,Asia Pacific,Singapore,86 ms,32497 kB/s
8.222.144.50,2082,FALSE,SIN,Asia Pacific,Singapore,85 ms,30438 kB/s
8.222.145.43,2082,FALSE,SIN,Asia Pacific,Singapore,76 ms,50 kB/s
8.222.146.222,2082,FALSE,SIN,Asia Pacific,Singapore,76 ms,22575 kB/s
8.222.150.197,2082,FALSE,SIN,Asia Pacific,Singapore,86 ms,22270 kB/s
8.222.160.176,2082,FALSE,SIN,Asia Pacific,Singapore,81 ms,20684 kB/s
8.222.162.45,2082,FALSE,SIN,Asia Pacific,Singapore,79 ms,20255 kB/s
8.222.164.209,2082,FALSE,SIN,Asia Pacific,Singapore,82 ms,26191 kB/s
8.222.165.117,2082,FALSE,SIN,Asia Pacific,Singapore,77 ms,21044 kB/s
8.222.169.222,2082,FALSE,SIN,Asia Pacific,Singapore,69 ms,25100 kB/s
8.222.179.231,2082,FALSE,SIN,Asia Pacific,Singapore,78 ms,24102 kB/s
8.222.181.117,2082,FALSE,SIN,Asia Pacific,Singapore,81 ms,28745 kB/s
8.222.183.242,2082,FALSE,SIN,Asia Pacific,Singapore,83 ms,32329 kB/s
8.222.184.198,2082,FALSE,SIN,Asia Pacific,Singapore,81 ms,25952 kB/s
8.222.187.4,2082,FALSE,SIN,Asia Pacific,Singapore,74 ms,23251 kB/s
8.222.191.138,2082,FALSE,SIN,Asia Pacific,Singapore,77 ms,33921 kB/s
8.222.193.65,2082,FALSE,SIN,Asia Pacific,Singapore,74 ms,1479 kB/s
8.222.208.38,2082,FALSE,SIN,Asia Pacific,Singapore,79 ms,24200 kB/s
8.222.244.192,2082,FALSE,SIN,Asia Pacific,Singapore,67 ms,29031 kB/s
8.222.249.190,2082,FALSE,SIN,Asia Pacific,Singapore,77 ms,33427 kB/s
47.245.102.52,2086,FALSE,SIN,Asia Pacific,Singapore,69 ms,27861 kB/s
47.245.114.163,2086,FALSE,SIN,Asia Pacific,Singapore,70 ms,31659 kB/s
47.245.118.70,2086,FALSE,SIN,Asia Pacific,Singapore,84 ms,31567 kB/s
47.245.126.151,2086,FALSE,SIN,Asia Pacific,Singapore,86 ms,26754 kB/s
47.245.84.124,2086,FALSE,SIN,Asia Pacific,Singapore,69 ms,28723 kB/s
47.245.86.230,2086,FALSE,SIN,Asia Pacific,Singapore,74 ms,28154 kB/s
47.245.96.80,2086,FALSE,SIN,Asia Pacific,Singapore,74 ms,31516 kB/s
8.219.0.162,2086,FALSE,SIN,Asia Pacific,Singapore,73 ms,18529 kB/s
8.219.0.48,2086,FALSE,SIN,Asia Pacific,Singapore,70 ms,32081 kB/s
8.219.1.92,2086,FALSE,SIN,Asia Pacific,Singapore,78 ms,22720 kB/s
8.219.100.168,2086,FALSE,SIN,Asia Pacific,Singapore,91 ms,26160 kB/s
8.219.106.156,2086,FALSE,SIN,Asia Pacific,Singapore,79 ms,19507 kB/s
8.219.107.135,2086,FALSE,SIN,Asia Pacific,Singapore,73 ms,19863 kB/s
8.219.11.158,2086,FALSE,SIN,Asia Pacific,Singapore,68 ms,21125 kB/s
8.219.110.81,2086,FALSE,SIN,Asia Pacific,Singapore,73 ms,19035 kB/s
8.219.111.147,2086,FALSE,SIN,Asia Pacific,Singapore,74 ms,32414 kB/s
8.219.111.175,2086,FALSE,SIN,Asia Pacific,Singapore,79 ms,21464 kB/s
8.219.113.232,2086,FALSE,SIN,Asia Pacific,Singapore,76 ms,21061 kB/s
8.219.114.201,2086,FALSE,SIN,Asia Pacific,Singapore,90 ms,20321 kB/s
8.219.117.198,2086,FALSE,SIN,Asia Pacific,Singapore,77 ms,20019 kB/s
8.219.120.87,2086,FALSE,SIN,Asia Pacific,Singapore,96 ms,28445 kB/s
8.219.122.55,2086,FALSE,SIN,Asia Pacific,Singapore,93 ms,20077 kB/s
8.219.123.11,2086,FALSE,SIN,Asia Pacific,Singapore,87 ms,53 kB/s
8.219.132.64,2086,FALSE,SIN,Asia Pacific,Singapore,82 ms,26328 kB/s
8.219.142.191,2086,FALSE,SIN,Asia Pacific,Singapore,96 ms,21682 kB/s
8.219.161.129,2086,FALSE,SIN,Asia Pacific,Singapore,77 ms,16455 kB/s
8.219.170.232,2086,FALSE,SIN,Asia Pacific,Singapore,88 ms,19380 kB/s
8.219.174.142,2086,FALSE,SIN,Asia Pacific,Singapore,92 ms,18593 kB/s
8.219.174.213,2086,FALSE,SIN,Asia Pacific,Singapore,77 ms,30951 kB/s
8.219.177.205,2086,FALSE,SIN,Asia Pacific,Singapore,80 ms,22452 kB/s
8.219.189.143,2086,FALSE,SIN,Asia Pacific,Singapore,87 ms,21856 kB/s
8.219.191.110,2086,FALSE,SIN,Asia Pacific,Singapore,85 ms,25279 kB/s
8.219.193.202,2086,FALSE,SIN,Asia Pacific,Singapore,90 ms,12307 kB/s
8.219.194.170,2086,FALSE,SIN,Asia Pacific,Singapore,78 ms,24188 kB/s
8.219.198.139,2086,FALSE,SIN,Asia Pacific,Singapore,84 ms,29722 kB/s
8.219.199.220,2086,FALSE,SIN,Asia Pacific,Singapore,80 ms,24090 kB/s
8.219.200.145,2086,FALSE,SIN,Asia Pacific,Singapore,76 ms,24912 kB/s
8.219.201.245,2086,FALSE,SIN,Asia Pacific,Singapore,88 ms,13246 kB/s
8.219.202.130,2086,FALSE,SIN,Asia Pacific,Singapore,75 ms,24047 kB/s
8.219.208.104,2086,FALSE,SIN,Asia Pacific,Singapore,89 ms,48 kB/s
8.219.210.64,2086,FALSE,SIN,Asia Pacific,Singapore,66 ms,23470 kB/s
8.219.220.88,2086,FALSE,SIN,Asia Pacific,Singapore,66 ms,12134 kB/s
8.219.222.98,2086,FALSE,SIN,Asia Pacific,Singapore,71 ms,29842 kB/s
8.219.237.250,2086,FALSE,SIN,Asia Pacific,Singapore,66 ms,20695 kB/s
8.219.239.79,2086,FALSE,SIN,Asia Pacific,Singapore,71 ms,47 kB/s
8.219.4.122,2086,FALSE,SIN,Asia Pacific,Singapore,72 ms,32409 kB/s
8.219.40.37,2086,FALSE,SIN,Asia Pacific,Singapore,80 ms,22647 kB/s
8.219.42.72,2086,FALSE,SIN,Asia Pacific,Singapore,74 ms,24138 kB/s
8.219.49.65,2086,FALSE,SIN,Asia Pacific,Singapore,71 ms,10354 kB/s
8.219.50.180,2086,FALSE,SIN,Asia Pacific,Singapore,75 ms,17176 kB/s
8.219.51.211,2086,FALSE,SIN,Asia Pacific,Singapore,73 ms,20297 kB/s
8.219.6.150,2086,FALSE,SIN,Asia Pacific,Singapore,82 ms,23231 kB/s
8.219.60.54,2086,FALSE,SIN,Asia Pacific,Singapore,69 ms,0 kB/s
8.219.67.133,2086,FALSE,SIN,Asia Pacific,Singapore,74 ms,29935 kB/s
8.219.77.222,2086,FALSE,SIN,Asia Pacific,Singapore,74 ms,31022 kB/s
8.219.78.1,2086,FALSE,SIN,Asia Pacific,Singapore,69 ms,11110 kB/s
8.219.78.188,2086,FALSE,SIN,Asia Pacific,Singapore,80 ms,20542 kB/s
8.219.83.201,2086,FALSE,SIN,Asia Pacific,Singapore,79 ms,22033 kB/s
8.219.83.71,2086,FALSE,SIN,Asia Pacific,Singapore,72 ms,25815 kB/s
8.219.86.200,2086,FALSE,SIN,Asia Pacific,Singapore,82 ms,21183 kB/s
8.219.93.5,2086,FALSE,SIN,Asia Pacific,Singapore,71 ms,16193 kB/s
8.219.97.50,2086,FALSE,SIN,Asia Pacific,Singapore,79 ms,0 kB/s
8.219.98.13,2086,FALSE,SIN,Asia Pacific,Singapore,72 ms,20259 kB/s
8.219.99.169,2086,FALSE,SIN,Asia Pacific,Singapore,72 ms,23882 kB/s
8.222.134.170,2086,FALSE,SIN,Asia Pacific,Singapore,73 ms,11671 kB/s
8.222.136.247,2086,FALSE,SIN,Asia Pacific,Singapore,75 ms,26702 kB/s
8.222.137.192,2086,FALSE,SIN,Asia Pacific,Singapore,81 ms,23210 kB/s
8.222.144.50,2086,FALSE,SIN,Asia Pacific,Singapore,78 ms,21807 kB/s
8.222.146.222,2086,FALSE,SIN,Asia Pacific,Singapore,68 ms,24970 kB/s
8.222.150.197,2086,FALSE,SIN,Asia Pacific,Singapore,80 ms,22766 kB/s
8.222.156.242,2086,FALSE,SIN,Asia Pacific,Singapore,74 ms,30486 kB/s
8.222.160.176,2086,FALSE,SIN,Asia Pacific,Singapore,71 ms,33388 kB/s
8.222.162.45,2086,FALSE,SIN,Asia Pacific,Singapore,91 ms,18466 kB/s
8.222.164.209,2086,FALSE,SIN,Asia Pacific,Singapore,81 ms,12614 kB/s
8.222.165.117,2086,FALSE,SIN,Asia Pacific,Singapore,80 ms,19653 kB/s
8.222.169.222,2086,FALSE,SIN,Asia Pacific,Singapore,78 ms,21144 kB/s
8.222.179.231,2086,FALSE,SIN,Asia Pacific,Singapore,71 ms,26136 kB/s
8.222.181.117,2086,FALSE,SIN,Asia Pacific,Singapore,76 ms,23971 kB/s
8.222.183.242,2086,FALSE,SIN,Asia Pacific,Singapore,79 ms,28291 kB/s
8.222.184.198,2086,FALSE,SIN,Asia Pacific,Singapore,78 ms,30234 kB/s
8.222.187.4,2086,FALSE,SIN,Asia Pacific,Singapore,72 ms,24634 kB/s
8.222.191.138,2086,FALSE,SIN,Asia Pacific,Singapore,90 ms,18444 kB/s
8.222.193.65,2086,FALSE,SIN,Asia Pacific,Singapore,80 ms,17913 kB/s
8.222.244.192,2086,FALSE,SIN,Asia Pacific,Singapore,79 ms,25340 kB/s
8.222.249.190,2086,FALSE,SIN,Asia Pacific,Singapore,79 ms,18996 kB/s
47.245.102.52,2095,FALSE,SIN,Asia Pacific,Singapore,95 ms,12775 kB/s
47.245.105.224,2095,FALSE,SIN,Asia Pacific,Singapore,95 ms,25388 kB/s
47.245.114.163,2095,FALSE,SIN,Asia Pacific,Singapore,73 ms,27333 kB/s
47.245.118.70,2095,FALSE,SIN,Asia Pacific,Singapore,82 ms,30330 kB/s
47.245.126.151,2095,FALSE,SIN,Asia Pacific,Singapore,72 ms,23454 kB/s
47.245.84.124,2095,FALSE,SIN,Asia Pacific,Singapore,85 ms,19562 kB/s
47.245.86.230,2095,FALSE,SIN,Asia Pacific,Singapore,99 ms,24691 kB/s
47.245.96.80,2095,FALSE,SIN,Asia Pacific,Singapore,93 ms,30247 kB/s
8.219.0.162,2095,FALSE,SIN,Asia Pacific,Singapore,70 ms,24256 kB/s
8.219.0.48,2095,FALSE,SIN,Asia Pacific,Singapore,74 ms,11099 kB/s
8.219.1.92,2095,FALSE,SIN,Asia Pacific,Singapore,68 ms,24845 kB/s
8.219.100.168,2095,FALSE,SIN,Asia Pacific,Singapore,75 ms,11569 kB/s
8.219.104.37,2095,FALSE,SIN,Asia Pacific,Singapore,74 ms,16312 kB/s
8.219.107.135,2095,FALSE,SIN,Asia Pacific,Singapore,72 ms,26233 kB/s
8.219.110.81,2095,FALSE,SIN,Asia Pacific,Singapore,91 ms,28306 kB/s
8.219.111.175,2095,FALSE,SIN,Asia Pacific,Singapore,77 ms,14597 kB/s
8.219.113.232,2095,FALSE,SIN,Asia Pacific,Singapore,77 ms,24843 kB/s
8.219.117.198,2095,FALSE,SIN,Asia Pacific,Singapore,91 ms,25590 kB/s
8.219.120.87,2095,FALSE,SIN,Asia Pacific,Singapore,80 ms,25270 kB/s
8.219.122.55,2095,FALSE,SIN,Asia Pacific,Singapore,77 ms,22775 kB/s
8.219.123.11,2095,FALSE,SIN,Asia Pacific,Singapore,72 ms,45 kB/s
8.219.124.227,2095,FALSE,SIN,Asia Pacific,Singapore,89 ms,22954 kB/s
8.219.126.240,2095,FALSE,SIN,Asia Pacific,Singapore,77 ms,25633 kB/s
8.219.132.64,2095,FALSE,SIN,Asia Pacific,Singapore,89 ms,25572 kB/s
8.219.139.13,2095,FALSE,SIN,Asia Pacific,Singapore,80 ms,26893 kB/s
8.219.142.191,2095,FALSE,SIN,Asia Pacific,Singapore,80 ms,26447 kB/s
8.219.161.129,2095,FALSE,SIN,Asia Pacific,Singapore,69 ms,14696 kB/s
8.219.170.232,2095,FALSE,SIN,Asia Pacific,Singapore,73 ms,15620 kB/s
8.219.174.142,2095,FALSE,SIN,Asia Pacific,Singapore,69 ms,19166 kB/s
8.219.174.213,2095,FALSE,SIN,Asia Pacific,Singapore,87 ms,27715 kB/s
8.219.177.205,2095,FALSE,SIN,Asia Pacific,Singapore,74 ms,24593 kB/s
8.219.189.143,2095,FALSE,SIN,Asia Pacific,Singapore,77 ms,24512 kB/s
8.219.191.110,2095,FALSE,SIN,Asia Pacific,Singapore,76 ms,19389 kB/s
8.219.193.202,2095,FALSE,SIN,Asia Pacific,Singapore,91 ms,26551 kB/s
8.219.194.170,2095,FALSE,SIN,Asia Pacific,Singapore,69 ms,23291 kB/s
8.219.199.220,2095,FALSE,SIN,Asia Pacific,Singapore,72 ms,29794 kB/s
8.219.201.245,2095,FALSE,SIN,Asia Pacific,Singapore,72 ms,30171 kB/s
8.219.202.130,2095,FALSE,SIN,Asia Pacific,Singapore,95 ms,20286 kB/s
8.219.208.104,2095,FALSE,SIN,Asia Pacific,Singapore,72 ms,30 kB/s
8.219.209.14,2095,FALSE,SIN,Asia Pacific,Singapore,78 ms,24938 kB/s
8.219.210.64,2095,FALSE,SIN,Asia Pacific,Singapore,85 ms,21788 kB/s
8.219.220.88,2095,FALSE,SIN,Asia Pacific,Singapore,89 ms,24990 kB/s
8.219.222.98,2095,FALSE,SIN,Asia Pacific,Singapore,65 ms,20528 kB/s
8.219.229.190,2095,FALSE,SIN,Asia Pacific,Singapore,78 ms,20545 kB/s
8.219.237.250,2095,FALSE,SIN,Asia Pacific,Singapore,77 ms,29475 kB/s
8.219.239.79,2095,FALSE,SIN,Asia Pacific,Singapore,95 ms,47 kB/s
8.219.4.122,2095,FALSE,SIN,Asia Pacific,Singapore,68 ms,28150 kB/s
8.219.40.37,2095,FALSE,SIN,Asia Pacific,Singapore,69 ms,25634 kB/s
8.219.42.72,2095,FALSE,SIN,Asia Pacific,Singapore,68 ms,26868 kB/s
8.219.49.65,2095,FALSE,SIN,Asia Pacific,Singapore,76 ms,29527 kB/s
8.219.50.180,2095,FALSE,SIN,Asia Pacific,Singapore,70 ms,26579 kB/s
8.219.51.211,2095,FALSE,SIN,Asia Pacific,Singapore,76 ms,11919 kB/s
8.219.60.54,2095,FALSE,SIN,Asia Pacific,Singapore,66 ms,23069 kB/s
8.219.67.133,2095,FALSE,SIN,Asia Pacific,Singapore,72 ms,24831 kB/s
8.219.78.1,2095,FALSE,SIN,Asia Pacific,Singapore,67 ms,12736 kB/s
8.219.78.188,2095,FALSE,SIN,Asia Pacific,Singapore,79 ms,28868 kB/s
8.219.83.201,2095,FALSE,SIN,Asia Pacific,Singapore,86 ms,27336 kB/s
8.219.83.71,2095,FALSE,SIN,Asia Pacific,Singapore,77 ms,21226 kB/s
8.219.86.200,2095,FALSE,SIN,Asia Pacific,Singapore,85 ms,26279 kB/s
8.219.87.30,2095,FALSE,SIN,Asia Pacific,Singapore,66 ms,30298 kB/s
8.219.93.5,2095,FALSE,SIN,Asia Pacific,Singapore,71 ms,22905 kB/s
8.219.97.50,2095,FALSE,SIN,Asia Pacific,Singapore,87 ms,21245 kB/s
8.219.98.13,2095,FALSE,SIN,Asia Pacific,Singapore,71 ms,24261 kB/s
8.219.99.169,2095,FALSE,SIN,Asia Pacific,Singapore,73 ms,25125 kB/s
8.222.134.170,2095,FALSE,SIN,Asia Pacific,Singapore,71 ms,21769 kB/s
8.222.136.247,2095,FALSE,SIN,Asia Pacific,Singapore,76 ms,33231 kB/s
8.222.137.192,2095,FALSE,SIN,Asia Pacific,Singapore,70 ms,22705 kB/s
8.222.144.50,2095,FALSE,SIN,Asia Pacific,Singapore,75 ms,22991 kB/s
8.222.145.43,2095,FALSE,SIN,Asia Pacific,Singapore,74 ms,50 kB/s
8.222.146.222,2095,FALSE,SIN,Asia Pacific,Singapore,68 ms,15372 kB/s
8.222.150.197,2095,FALSE,SIN,Asia Pacific,Singapore,71 ms,23605 kB/s
8.222.156.242,2095,FALSE,SIN,Asia Pacific,Singapore,74 ms,20295 kB/s
8.222.160.176,2095,FALSE,SIN,Asia Pacific,Singapore,70 ms,24936 kB/s
8.222.162.45,2095,FALSE,SIN,Asia Pacific,Singapore,78 ms,24106 kB/s
8.222.164.209,2095,FALSE,SIN,Asia Pacific,Singapore,76 ms,20847 kB/s
8.222.165.117,2095,FALSE,SIN,Asia Pacific,Singapore,73 ms,32163 kB/s
8.222.169.222,2095,FALSE,SIN,Asia Pacific,Singapore,70 ms,26009 kB/s
8.222.179.231,2095,FALSE,SIN,Asia Pacific,Singapore,76 ms,20111 kB/s
8.222.183.242,2095,FALSE,SIN,Asia Pacific,Singapore,77 ms,22926 kB/s
8.222.184.198,2095,FALSE,SIN,Asia Pacific,Singapore,67 ms,25922 kB/s
8.222.187.4,2095,FALSE,SIN,Asia Pacific,Singapore,62 ms,24628 kB/s
8.222.193.65,2095,FALSE,SIN,Asia Pacific,Singapore,78 ms,28514 kB/s
8.222.208.38,2095,FALSE,SIN,Asia Pacific,Singapore,73 ms,20098 kB/s
8.222.244.192,2095,FALSE,SIN,Asia Pacific,Singapore,68 ms,22622 kB/s
8.222.249.190,2095,FALSE,SIN,Asia Pacific,Singapore,70 ms,26030 kB/s
129.150.34.195,8080,FALSE,SIN,Asia Pacific,Singapore,79 ms,17 kB/s
47.245.102.52,8080,FALSE,SIN,Asia Pacific,Singapore,88 ms,25989 kB/s
47.245.105.224,8080,FALSE,SIN,Asia Pacific,Singapore,89 ms,30437 kB/s
47.245.114.163,8080,FALSE,SIN,Asia Pacific,Singapore,77 ms,27104 kB/s
47.245.118.70,8080,FALSE,SIN,Asia Pacific,Singapore,83 ms,34296 kB/s
47.245.126.151,8080,FALSE,SIN,Asia Pacific,Singapore,74 ms,13866 kB/s
47.245.84.124,8080,FALSE,SIN,Asia Pacific,Singapore,86 ms,33247 kB/s
47.245.86.230,8080,FALSE,SIN,Asia Pacific,Singapore,88 ms,25955 kB/s
47.245.96.80,8080,FALSE,SIN,Asia Pacific,Singapore,86 ms,28025 kB/s
8.219.0.48,8080,FALSE,SIN,Asia Pacific,Singapore,70 ms,18079 kB/s
8.219.1.92,8080,FALSE,SIN,Asia Pacific,Singapore,72 ms,35285 kB/s
8.219.100.168,8080,FALSE,SIN,Asia Pacific,Singapore,78 ms,30006 kB/s
8.219.104.37,8080,FALSE,SIN,Asia Pacific,Singapore,72 ms,20138 kB/s
8.219.106.156,8080,FALSE,SIN,Asia Pacific,Singapore,76 ms,32196 kB/s
8.219.107.135,8080,FALSE,SIN,Asia Pacific,Singapore,77 ms,25573 kB/s
8.219.11.158,8080,FALSE,SIN,Asia Pacific,Singapore,78 ms,29415 kB/s
8.219.110.248,8080,FALSE,SIN,Asia Pacific,Singapore,82 ms,49 kB/s
8.219.111.147,8080,FALSE,SIN,Asia Pacific,Singapore,71 ms,27082 kB/s
8.219.111.175,8080,FALSE,SIN,Asia Pacific,Singapore,73 ms,33384 kB/s
8.219.114.201,8080,FALSE,SIN,Asia Pacific,Singapore,81 ms,28089 kB/s
8.219.120.87,8080,FALSE,SIN,Asia Pacific,Singapore,68 ms,35933 kB/s
8.219.122.55,8080,FALSE,SIN,Asia Pacific,Singapore,71 ms,27432 kB/s
8.219.123.11,8080,FALSE,SIN,Asia Pacific,Singapore,73 ms,55 kB/s
8.219.124.227,8080,FALSE,SIN,Asia Pacific,Singapore,70 ms,35104 kB/s
8.219.126.240,8080,FALSE,SIN,Asia Pacific,Singapore,73 ms,23047 kB/s
8.219.132.64,8080,FALSE,SIN,Asia Pacific,Singapore,67 ms,20312 kB/s
8.219.142.191,8080,FALSE,SIN,Asia Pacific,Singapore,78 ms,25235 kB/s
8.219.147.58,8080,FALSE,SIN,Asia Pacific,Singapore,74 ms,33538 kB/s
8.219.161.129,8080,FALSE,SIN,Asia Pacific,Singapore,73 ms,18533 kB/s
8.219.163.195,8080,FALSE,SIN,Asia Pacific,Singapore,72 ms,25576 kB/s
8.219.174.142,8080,FALSE,SIN,Asia Pacific,Singapore,70 ms,34131 kB/s
8.219.191.110,8080,FALSE,SIN,Asia Pacific,Singapore,74 ms,34840 kB/s
8.219.194.170,8080,FALSE,SIN,Asia Pacific,Singapore,68 ms,24386 kB/s
8.219.198.139,8080,FALSE,SIN,Asia Pacific,Singapore,74 ms,28174 kB/s
8.219.200.145,8080,FALSE,SIN,Asia Pacific,Singapore,76 ms,24421 kB/s
8.219.201.245,8080,FALSE,SIN,Asia Pacific,Singapore,69 ms,32991 kB/s
8.219.208.104,8080,FALSE,SIN,Asia Pacific,Singapore,72 ms,61 kB/s
8.219.209.14,8080,FALSE,SIN,Asia Pacific,Singapore,75 ms,27045 kB/s
8.219.210.64,8080,FALSE,SIN,Asia Pacific,Singapore,81 ms,25467 kB/s
8.219.220.88,8080,FALSE,SIN,Asia Pacific,Singapore,68 ms,24059 kB/s
8.219.222.98,8080,FALSE,SIN,Asia Pacific,Singapore,71 ms,16649 kB/s
8.219.229.190,8080,FALSE,SIN,Asia Pacific,Singapore,72 ms,23555 kB/s
8.219.237.250,8080,FALSE,SIN,Asia Pacific,Singapore,74 ms,19894 kB/s
8.219.240.160,8080,FALSE,SIN,Asia Pacific,Singapore,74 ms,28074 kB/s
8.219.4.122,8080,FALSE,SIN,Asia Pacific,Singapore,72 ms,22469 kB/s
8.219.40.37,8080,FALSE,SIN,Asia Pacific,Singapore,75 ms,26398 kB/s
8.219.42.72,8080,FALSE,SIN,Asia Pacific,Singapore,70 ms,21445 kB/s
8.219.49.65,8080,FALSE,SIN,Asia Pacific,Singapore,83 ms,23028 kB/s
8.219.50.180,8080,FALSE,SIN,Asia Pacific,Singapore,76 ms,30964 kB/s
8.219.60.54,8080,FALSE,SIN,Asia Pacific,Singapore,66 ms,24204 kB/s
8.219.67.133,8080,FALSE,SIN,Asia Pacific,Singapore,73 ms,22143 kB/s
8.219.77.222,8080,FALSE,SIN,Asia Pacific,Singapore,78 ms,27357 kB/s
8.219.78.188,8080,FALSE,SIN,Asia Pacific,Singapore,85 ms,26849 kB/s
8.219.83.201,8080,FALSE,SIN,Asia Pacific,Singapore,77 ms,32224 kB/s
8.219.83.71,8080,FALSE,SIN,Asia Pacific,Singapore,76 ms,23619 kB/s
8.219.86.200,8080,FALSE,SIN,Asia Pacific,Singapore,84 ms,22033 kB/s
8.219.87.30,8080,FALSE,SIN,Asia Pacific,Singapore,72 ms,24709 kB/s
8.219.93.5,8080,FALSE,SIN,Asia Pacific,Singapore,79 ms,34433 kB/s
8.219.97.50,8080,FALSE,SIN,Asia Pacific,Singapore,80 ms,34919 kB/s
8.219.99.169,8080,FALSE,SIN,Asia Pacific,Singapore,83 ms,31793 kB/s
8.222.134.170,8080,FALSE,SIN,Asia Pacific,Singapore,83 ms,35684 kB/s
8.222.136.247,8080,FALSE,SIN,Asia Pacific,Singapore,73 ms,19187 kB/s
8.222.137.192,8080,FALSE,SIN,Asia Pacific,Singapore,78 ms,28813 kB/s
8.222.146.222,8080,FALSE,SIN,Asia Pacific,Singapore,67 ms,20873 kB/s
8.222.150.197,8080,FALSE,SIN,Asia Pacific,Singapore,83 ms,2691 kB/s
8.222.156.242,8080,FALSE,SIN,Asia Pacific,Singapore,78 ms,29119 kB/s
8.222.160.176,8080,FALSE,SIN,Asia Pacific,Singapore,78 ms,24886 kB/s
8.222.162.45,8080,FALSE,SIN,Asia Pacific,Singapore,79 ms,25080 kB/s
8.222.165.117,8080,FALSE,SIN,Asia Pacific,Singapore,79 ms,31548 kB/s
8.222.179.231,8080,FALSE,SIN,Asia Pacific,Singapore,80 ms,35478 kB/s
8.222.181.117,8080,FALSE,SIN,Asia Pacific,Singapore,84 ms,33697 kB/s
8.222.183.242,8080,FALSE,SIN,Asia Pacific,Singapore,72 ms,20613 kB/s
8.222.184.198,8080,FALSE,SIN,Asia Pacific,Singapore,77 ms,21445 kB/s
8.222.187.4,8080,FALSE,SIN,Asia Pacific,Singapore,71 ms,23692 kB/s
8.222.191.138,8080,FALSE,SIN,Asia Pacific,Singapore,80 ms,24525 kB/s
8.222.193.65,8080,FALSE,SIN,Asia Pacific,Singapore,76 ms,16816 kB/s
8.222.208.38,8080,FALSE,SIN,Asia Pacific,Singapore,77 ms,31810 kB/s
8.222.214.231,8080,FALSE,SIN,Asia Pacific,Singapore,77 ms,3227 kB/s
8.222.244.192,8080,FALSE,SIN,Asia Pacific,Singapore,69 ms,25799 kB/s
8.222.249.190,8080,FALSE,SIN,Asia Pacific,Singapore,75 ms,21039 kB/s
47.245.102.52,8880,FALSE,SIN,Asia Pacific,Singapore,69 ms,22074 kB/s
47.245.105.224,8880,FALSE,SIN,Asia Pacific,Singapore,75 ms,20189 kB/s
47.245.114.163,8880,FALSE,SIN,Asia Pacific,Singapore,72 ms,24603 kB/s
47.245.118.70,8880,FALSE,SIN,Asia Pacific,Singapore,76 ms,11803 kB/s
47.245.126.151,8880,FALSE,SIN,Asia Pacific,Singapore,74 ms,25132 kB/s
47.245.84.124,8880,FALSE,SIN,Asia Pacific,Singapore,74 ms,23879 kB/s
47.245.86.230,8880,FALSE,SIN,Asia Pacific,Singapore,74 ms,21967 kB/s
47.245.96.80,8880,FALSE,SIN,Asia Pacific,Singapore,77 ms,21396 kB/s
8.219.0.162,8880,FALSE,SIN,Asia Pacific,Singapore,75 ms,26236 kB/s
8.219.0.48,8880,FALSE,SIN,Asia Pacific,Singapore,67 ms,17646 kB/s
8.219.100.168,8880,FALSE,SIN,Asia Pacific,Singapore,72 ms,32789 kB/s
8.219.104.37,8880,FALSE,SIN,Asia Pacific,Singapore,84 ms,20431 kB/s
8.219.106.156,8880,FALSE,SIN,Asia Pacific,Singapore,85 ms,29483 kB/s
8.219.107.135,8880,FALSE,SIN,Asia Pacific,Singapore,80 ms,30814 kB/s
8.219.11.158,8880,FALSE,SIN,Asia Pacific,Singapore,68 ms,31202 kB/s
8.219.111.175,8880,FALSE,SIN,Asia Pacific,Singapore,83 ms,11121 kB/s
8.219.114.201,8880,FALSE,SIN,Asia Pacific,Singapore,85 ms,23009 kB/s
8.219.117.198,8880,FALSE,SIN,Asia Pacific,Singapore,85 ms,28866 kB/s
8.219.120.87,8880,FALSE,SIN,Asia Pacific,Singapore,83 ms,23521 kB/s
8.219.122.55,8880,FALSE,SIN,Asia Pacific,Singapore,85 ms,22022 kB/s
8.219.123.11,8880,FALSE,SIN,Asia Pacific,Singapore,83 ms,52 kB/s
8.219.124.227,8880,FALSE,SIN,Asia Pacific,Singapore,84 ms,29494 kB/s
8.219.126.240,8880,FALSE,SIN,Asia Pacific,Singapore,84 ms,22356 kB/s
8.219.132.64,8880,FALSE,SIN,Asia Pacific,Singapore,72 ms,16216 kB/s
8.219.161.129,8880,FALSE,SIN,Asia Pacific,Singapore,83 ms,18771 kB/s
8.219.163.195,8880,FALSE,SIN,Asia Pacific,Singapore,72 ms,27529 kB/s
8.219.170.232,8880,FALSE,SIN,Asia Pacific,Singapore,85 ms,17585 kB/s
8.219.174.142,8880,FALSE,SIN,Asia Pacific,Singapore,73 ms,19148 kB/s
8.219.174.213,8880,FALSE,SIN,Asia Pacific,Singapore,73 ms,23056 kB/s
8.219.177.205,8880,FALSE,SIN,Asia Pacific,Singapore,72 ms,18834 kB/s
8.219.189.143,8880,FALSE,SIN,Asia Pacific,Singapore,83 ms,12336 kB/s
8.219.191.40,8880,FALSE,SIN,Asia Pacific,Singapore,83 ms,22002 kB/s
8.219.193.202,8880,FALSE,SIN,Asia Pacific,Singapore,83 ms,19788 kB/s
8.219.194.170,8880,FALSE,SIN,Asia Pacific,Singapore,72 ms,23291 kB/s
8.219.198.139,8880,FALSE,SIN,Asia Pacific,Singapore,73 ms,24800 kB/s
8.219.199.220,8880,FALSE,SIN,Asia Pacific,Singapore,84 ms,20736 kB/s
8.219.201.245,8880,FALSE,SIN,Asia Pacific,Singapore,83 ms,18216 kB/s
8.219.208.104,8880,FALSE,SIN,Asia Pacific,Singapore,75 ms,52 kB/s
8.219.209.14,8880,FALSE,SIN,Asia Pacific,Singapore,84 ms,25305 kB/s
8.219.210.64,8880,FALSE,SIN,Asia Pacific,Singapore,67 ms,22098 kB/s
8.219.220.88,8880,FALSE,SIN,Asia Pacific,Singapore,68 ms,24478 kB/s
8.219.222.98,8880,FALSE,SIN,Asia Pacific,Singapore,64 ms,19337 kB/s
8.219.229.190,8880,FALSE,SIN,Asia Pacific,Singapore,73 ms,22705 kB/s
8.219.239.79,8880,FALSE,SIN,Asia Pacific,Singapore,75 ms,53 kB/s
8.219.4.122,8880,FALSE,SIN,Asia Pacific,Singapore,67 ms,20983 kB/s
8.219.40.37,8880,FALSE,SIN,Asia Pacific,Singapore,83 ms,22558 kB/s
8.219.42.72,8880,FALSE,SIN,Asia Pacific,Singapore,68 ms,16802 kB/s
8.219.49.65,8880,FALSE,SIN,Asia Pacific,Singapore,80 ms,20817 kB/s
8.219.50.180,8880,FALSE,SIN,Asia Pacific,Singapore,71 ms,21960 kB/s
8.219.51.211,8880,FALSE,SIN,Asia Pacific,Singapore,84 ms,17614 kB/s
8.219.6.150,8880,FALSE,SIN,Asia Pacific,Singapore,83 ms,23704 kB/s
8.219.60.54,8880,FALSE,SIN,Asia Pacific,Singapore,78 ms,22658 kB/s
8.219.67.133,8880,FALSE,SIN,Asia Pacific,Singapore,73 ms,13589 kB/s
8.219.78.1,8880,FALSE,SIN,Asia Pacific,Singapore,72 ms,11990 kB/s
8.219.78.188,8880,FALSE,SIN,Asia Pacific,Singapore,83 ms,19419 kB/s
8.219.83.201,8880,FALSE,SIN,Asia Pacific,Singapore,86 ms,21356 kB/s
8.219.83.71,8880,FALSE,SIN,Asia Pacific,Singapore,73 ms,26875 kB/s
8.219.87.30,8880,FALSE,SIN,Asia Pacific,Singapore,75 ms,10682 kB/s
8.219.97.50,8880,FALSE,SIN,Asia Pacific,Singapore,75 ms,17922 kB/s
8.219.98.13,8880,FALSE,SIN,Asia Pacific,Singapore,76 ms,23041 kB/s
8.219.99.169,8880,FALSE,SIN,Asia Pacific,Singapore,76 ms,14720 kB/s
8.222.134.170,8880,FALSE,SIN,Asia Pacific,Singapore,83 ms,22807 kB/s
8.222.137.192,8880,FALSE,SIN,Asia Pacific,Singapore,68 ms,19929 kB/s
8.222.145.43,8880,FALSE,SIN,Asia Pacific,Singapore,73 ms,45 kB/s
8.222.146.222,8880,FALSE,SIN,Asia Pacific,Singapore,72 ms,20776 kB/s
8.222.150.197,8880,FALSE,SIN,Asia Pacific,Singapore,77 ms,32433 kB/s
8.222.156.242,8880,FALSE,SIN,Asia Pacific,Singapore,72 ms,0 kB/s
8.222.160.176,8880,FALSE,SIN,Asia Pacific,Singapore,69 ms,25296 kB/s
8.222.164.209,8880,FALSE,SIN,Asia Pacific,Singapore,72 ms,13334 kB/s
8.222.165.117,8880,FALSE,SIN,Asia Pacific,Singapore,79 ms,26661 kB/s
8.222.169.222,8880,FALSE,SIN,Asia Pacific,Singapore,71 ms,23072 kB/s
8.222.179.231,8880,FALSE,SIN,Asia Pacific,Singapore,71 ms,22649 kB/s
8.222.181.117,8880,FALSE,SIN,Asia Pacific,Singapore,74 ms,26296 kB/s
8.222.183.242,8880,FALSE,SIN,Asia Pacific,Singapore,71 ms,15896 kB/s
8.222.184.198,8880,FALSE,SIN,Asia Pacific,Singapore,74 ms,29487 kB/s
8.222.187.4,8880,FALSE,SIN,Asia Pacific,Singapore,68 ms,23864 kB/s
8.222.193.65,8880,FALSE,SIN,Asia Pacific,Singapore,73 ms,24614 kB/s
8.222.208.38,8880,FALSE,SIN,Asia Pacific,Singapore,85 ms,11905 kB/s
8.222.249.190,8880,FALSE,SIN,Asia Pacific,Singapore,84 ms,22585 kB/s
132.226.8.123,443,TRUE,SIN,Asia Pacific,Singapore,264 ms,395 kB/s
138.2.18.50,443,TRUE,SIN,Asia Pacific,Singapore,297 ms,2843 kB/s
138.2.25.176,443,TRUE,SIN,Asia Pacific,Singapore,438 ms,900 kB/s
144.24.90.15,443,TRUE,SIN,Asia Pacific,Singapore,107 ms,10525 kB/s
152.69.234.162,443,TRUE,SIN,Asia Pacific,Singapore,101 ms,11843 kB/s
8.219.114.201,443,TRUE,SIN,Asia Pacific,Singapore,80 ms,29171 kB/s
8.219.170.232,443,TRUE,SIN,Asia Pacific,Singapore,73 ms,20422 kB/s
8.219.237.250,443,TRUE,SIN,Asia Pacific,Singapore,76 ms,25373 kB/s
8.222.193.65,443,TRUE,SIN,Asia Pacific,Singapore,72 ms,16442 kB/s
8.222.208.38,443,TRUE,SIN,Asia Pacific,Singapore,76 ms,21110 kB/s
47.245.102.52,2053,TRUE,SIN,Asia Pacific,Singapore,81 ms,12876 kB/s
47.245.105.224,2053,TRUE,SIN,Asia Pacific,Singapore,81 ms,27224 kB/s
47.245.114.163,2053,TRUE,SIN,Asia Pacific,Singapore,70 ms,12111 kB/s
47.245.118.70,2053,TRUE,SIN,Asia Pacific,Singapore,72 ms,27402 kB/s
47.245.126.151,2053,TRUE,SIN,Asia Pacific,Singapore,75 ms,21677 kB/s
47.245.84.124,2053,TRUE,SIN,Asia Pacific,Singapore,77 ms,22253 kB/s
47.245.86.230,2053,TRUE,SIN,Asia Pacific,Singapore,79 ms,2068 kB/s
47.245.96.80,2053,TRUE,SIN,Asia Pacific,Singapore,82 ms,28143 kB/s
8.219.0.48,2053,TRUE,SIN,Asia Pacific,Singapore,78 ms,13285 kB/s
8.219.104.37,2053,TRUE,SIN,Asia Pacific,Singapore,81 ms,11709 kB/s
8.219.106.156,2053,TRUE,SIN,Asia Pacific,Singapore,73 ms,27086 kB/s
8.219.110.248,2053,TRUE,SIN,Asia Pacific,Singapore,74 ms,25 kB/s
8.219.110.81,2053,TRUE,SIN,Asia Pacific,Singapore,74 ms,21133 kB/s
8.219.111.147,2053,TRUE,SIN,Asia Pacific,Singapore,70 ms,13582 kB/s
8.219.111.175,2053,TRUE,SIN,Asia Pacific,Singapore,70 ms,12377 kB/s
8.219.114.201,2053,TRUE,SIN,Asia Pacific,Singapore,71 ms,14446 kB/s
8.219.117.198,2053,TRUE,SIN,Asia Pacific,Singapore,70 ms,24271 kB/s
8.219.122.55,2053,TRUE,SIN,Asia Pacific,Singapore,70 ms,23685 kB/s
8.219.123.11,2053,TRUE,SIN,Asia Pacific,Singapore,76 ms,26 kB/s
8.219.139.13,2053,TRUE,SIN,Asia Pacific,Singapore,62 ms,11472 kB/s
8.219.142.191,2053,TRUE,SIN,Asia Pacific,Singapore,69 ms,11289 kB/s
8.219.147.58,2053,TRUE,SIN,Asia Pacific,Singapore,69 ms,11879 kB/s
8.219.161.129,2053,TRUE,SIN,Asia Pacific,Singapore,69 ms,16828 kB/s
8.219.174.142,2053,TRUE,SIN,Asia Pacific,Singapore,68 ms,17975 kB/s
8.219.174.213,2053,TRUE,SIN,Asia Pacific,Singapore,74 ms,12605 kB/s
8.219.177.205,2053,TRUE,SIN,Asia Pacific,Singapore,70 ms,26892 kB/s
8.219.191.40,2053,TRUE,SIN,Asia Pacific,Singapore,74 ms,20177 kB/s
8.219.193.202,2053,TRUE,SIN,Asia Pacific,Singapore,72 ms,19234 kB/s
8.219.194.170,2053,TRUE,SIN,Asia Pacific,Singapore,69 ms,20952 kB/s
8.219.199.220,2053,TRUE,SIN,Asia Pacific,Singapore,69 ms,21806 kB/s
8.219.201.245,2053,TRUE,SIN,Asia Pacific,Singapore,70 ms,19366 kB/s
8.219.208.104,2053,TRUE,SIN,Asia Pacific,Singapore,67 ms,26 kB/s
8.219.210.64,2053,TRUE,SIN,Asia Pacific,Singapore,76 ms,23784 kB/s
8.219.222.98,2053,TRUE,SIN,Asia Pacific,Singapore,68 ms,27105 kB/s
8.219.229.190,2053,TRUE,SIN,Asia Pacific,Singapore,71 ms,25538 kB/s
8.219.237.250,2053,TRUE,SIN,Asia Pacific,Singapore,73 ms,24564 kB/s
8.219.240.160,2053,TRUE,SIN,Asia Pacific,Singapore,69 ms,22166 kB/s
8.219.49.65,2053,TRUE,SIN,Asia Pacific,Singapore,75 ms,24450 kB/s
8.219.50.180,2053,TRUE,SIN,Asia Pacific,Singapore,67 ms,23267 kB/s
8.219.51.211,2053,TRUE,SIN,Asia Pacific,Singapore,77 ms,10623 kB/s
8.219.6.150,2053,TRUE,SIN,Asia Pacific,Singapore,78 ms,23415 kB/s
8.219.60.54,2053,TRUE,SIN,Asia Pacific,Singapore,74 ms,11441 kB/s
8.222.134.170,2053,TRUE,SIN,Asia Pacific,Singapore,74 ms,24042 kB/s
8.222.137.192,2053,TRUE,SIN,Asia Pacific,Singapore,82 ms,28444 kB/s
8.222.145.43,2053,TRUE,SIN,Asia Pacific,Singapore,78 ms,25 kB/s
8.222.146.222,2053,TRUE,SIN,Asia Pacific,Singapore,71 ms,26389 kB/s
8.222.156.242,2053,TRUE,SIN,Asia Pacific,Singapore,76 ms,24903 kB/s
8.222.164.209,2053,TRUE,SIN,Asia Pacific,Singapore,76 ms,22121 kB/s
8.222.169.222,2053,TRUE,SIN,Asia Pacific,Singapore,69 ms,24683 kB/s
8.222.181.117,2053,TRUE,SIN,Asia Pacific,Singapore,85 ms,26669 kB/s
8.222.183.242,2053,TRUE,SIN,Asia Pacific,Singapore,79 ms,26278 kB/s
8.222.191.138,2053,TRUE,SIN,Asia Pacific,Singapore,76 ms,23810 kB/s
8.222.208.38,2053,TRUE,SIN,Asia Pacific,Singapore,78 ms,22982 kB/s
8.222.249.190,2053,TRUE,SIN,Asia Pacific,Singapore,73 ms,17943 kB/s
47.245.102.52,2083,TRUE,SIN,Asia Pacific,Singapore,77 ms,23060 kB/s
47.245.114.163,2083,TRUE,SIN,Asia Pacific,Singapore,77 ms,23175 kB/s
47.245.118.70,2083,TRUE,SIN,Asia Pacific,Singapore,89 ms,25063 kB/s
47.245.126.151,2083,TRUE,SIN,Asia Pacific,Singapore,76 ms,15998 kB/s
47.245.84.124,2083,TRUE,SIN,Asia Pacific,Singapore,77 ms,26453 kB/s
47.245.86.230,2083,TRUE,SIN,Asia Pacific,Singapore,80 ms,12208 kB/s
47.245.96.80,2083,TRUE,SIN,Asia Pacific,Singapore,83 ms,23272 kB/s
8.219.0.162,2083,TRUE,SIN,Asia Pacific,Singapore,73 ms,20577 kB/s
8.219.0.48,2083,TRUE,SIN,Asia Pacific,Singapore,81 ms,23306 kB/s
8.219.104.37,2083,TRUE,SIN,Asia Pacific,Singapore,76 ms,19097 kB/s
8.219.106.156,2083,TRUE,SIN,Asia Pacific,Singapore,77 ms,25094 kB/s
8.219.11.158,2083,TRUE,SIN,Asia Pacific,Singapore,73 ms,17321 kB/s
8.219.110.248,2083,TRUE,SIN,Asia Pacific,Singapore,72 ms,23 kB/s
8.219.110.81,2083,TRUE,SIN,Asia Pacific,Singapore,77 ms,0 kB/s
8.219.111.175,2083,TRUE,SIN,Asia Pacific,Singapore,73 ms,22658 kB/s
8.219.114.201,2083,TRUE,SIN,Asia Pacific,Singapore,80 ms,11738 kB/s
8.219.120.87,2083,TRUE,SIN,Asia Pacific,Singapore,77 ms,24432 kB/s
8.219.122.55,2083,TRUE,SIN,Asia Pacific,Singapore,70 ms,25441 kB/s
8.219.123.11,2083,TRUE,SIN,Asia Pacific,Singapore,79 ms,20 kB/s
8.219.126.240,2083,TRUE,SIN,Asia Pacific,Singapore,79 ms,20712 kB/s
8.219.147.58,2083,TRUE,SIN,Asia Pacific,Singapore,66 ms,27920 kB/s
8.219.170.232,2083,TRUE,SIN,Asia Pacific,Singapore,79 ms,18070 kB/s
8.219.174.142,2083,TRUE,SIN,Asia Pacific,Singapore,79 ms,25706 kB/s
8.219.177.205,2083,TRUE,SIN,Asia Pacific,Singapore,71 ms,23241 kB/s
8.219.189.143,2083,TRUE,SIN,Asia Pacific,Singapore,73 ms,22760 kB/s
8.219.191.40,2083,TRUE,SIN,Asia Pacific,Singapore,75 ms,27751 kB/s
8.219.193.202,2083,TRUE,SIN,Asia Pacific,Singapore,73 ms,21323 kB/s
8.219.199.220,2083,TRUE,SIN,Asia Pacific,Singapore,68 ms,26977 kB/s
8.219.200.145,2083,TRUE,SIN,Asia Pacific,Singapore,73 ms,23000 kB/s
8.219.201.245,2083,TRUE,SIN,Asia Pacific,Singapore,71 ms,20572 kB/s
8.219.208.104,2083,TRUE,SIN,Asia Pacific,Singapore,72 ms,27 kB/s
8.219.209.14,2083,TRUE,SIN,Asia Pacific,Singapore,84 ms,23526 kB/s
8.219.210.64,2083,TRUE,SIN,Asia Pacific,Singapore,84 ms,26180 kB/s
8.219.222.98,2083,TRUE,SIN,Asia Pacific,Singapore,76 ms,17822 kB/s
8.219.229.190,2083,TRUE,SIN,Asia Pacific,Singapore,71 ms,25059 kB/s
8.219.237.250,2083,TRUE,SIN,Asia Pacific,Singapore,78 ms,24338 kB/s
8.219.239.79,2083,TRUE,SIN,Asia Pacific,Singapore,73 ms,22 kB/s
8.219.4.122,2083,TRUE,SIN,Asia Pacific,Singapore,71 ms,20077 kB/s
8.219.42.72,2083,TRUE,SIN,Asia Pacific,Singapore,78 ms,23021 kB/s
8.219.49.65,2083,TRUE,SIN,Asia Pacific,Singapore,84 ms,27416 kB/s
8.219.50.180,2083,TRUE,SIN,Asia Pacific,Singapore,72 ms,20047 kB/s
8.219.6.150,2083,TRUE,SIN,Asia Pacific,Singapore,76 ms,21191 kB/s
8.219.60.54,2083,TRUE,SIN,Asia Pacific,Singapore,72 ms,20680 kB/s
8.219.78.1,2083,TRUE,SIN,Asia Pacific,Singapore,68 ms,12088 kB/s
8.219.98.13,2083,TRUE,SIN,Asia Pacific,Singapore,68 ms,19493 kB/s
8.219.99.169,2083,TRUE,SIN,Asia Pacific,Singapore,78 ms,21237 kB/s
8.222.134.170,2083,TRUE,SIN,Asia Pacific,Singapore,77 ms,20700 kB/s
8.222.137.192,2083,TRUE,SIN,Asia Pacific,Singapore,69 ms,24874 kB/s
8.222.145.43,2083,TRUE,SIN,Asia Pacific,Singapore,78 ms,23 kB/s
8.222.146.222,2083,TRUE,SIN,Asia Pacific,Singapore,67 ms,21278 kB/s
8.222.156.242,2083,TRUE,SIN,Asia Pacific,Singapore,71 ms,25080 kB/s
8.222.164.209,2083,TRUE,SIN,Asia Pacific,Singapore,73 ms,26038 kB/s
8.222.165.117,2083,TRUE,SIN,Asia Pacific,Singapore,75 ms,24506 kB/s
8.222.169.222,2083,TRUE,SIN,Asia Pacific,Singapore,74 ms,20276 kB/s
8.222.181.117,2083,TRUE,SIN,Asia Pacific,Singapore,81 ms,20666 kB/s
8.222.183.242,2083,TRUE,SIN,Asia Pacific,Singapore,70 ms,21403 kB/s
8.222.191.138,2083,TRUE,SIN,Asia Pacific,Singapore,84 ms,23194 kB/s
8.222.193.65,2083,TRUE,SIN,Asia Pacific,Singapore,80 ms,24578 kB/s
8.222.208.38,2083,TRUE,SIN,Asia Pacific,Singapore,81 ms,27944 kB/s
47.245.102.52,2087,TRUE,SIN,Asia Pacific,Singapore,71 ms,19871 kB/s
47.245.105.224,2087,TRUE,SIN,Asia Pacific,Singapore,71 ms,21864 kB/s
47.245.114.163,2087,TRUE,SIN,Asia Pacific,Singapore,69 ms,22648 kB/s
47.245.118.70,2087,TRUE,SIN,Asia Pacific,Singapore,81 ms,23611 kB/s
47.245.84.124,2087,TRUE,SIN,Asia Pacific,Singapore,72 ms,21560 kB/s
47.245.86.230,2087,TRUE,SIN,Asia Pacific,Singapore,74 ms,22339 kB/s
47.245.96.80,2087,TRUE,SIN,Asia Pacific,Singapore,75 ms,18490 kB/s
8.219.0.162,2087,TRUE,SIN,Asia Pacific,Singapore,81 ms,26374 kB/s
8.219.0.48,2087,TRUE,SIN,Asia Pacific,Singapore,83 ms,15150 kB/s
8.219.104.37,2087,TRUE,SIN,Asia Pacific,Singapore,70 ms,24633 kB/s
8.219.106.156,2087,TRUE,SIN,Asia Pacific,Singapore,74 ms,12702 kB/s
8.219.11.158,2087,TRUE,SIN,Asia Pacific,Singapore,69 ms,21600 kB/s
8.219.110.248,2087,TRUE,SIN,Asia Pacific,Singapore,84 ms,17 kB/s
8.219.110.81,2087,TRUE,SIN,Asia Pacific,Singapore,72 ms,26429 kB/s
8.219.111.147,2087,TRUE,SIN,Asia Pacific,Singapore,79 ms,9864 kB/s
8.219.111.175,2087,TRUE,SIN,Asia Pacific,Singapore,82 ms,29040 kB/s
8.219.114.201,2087,TRUE,SIN,Asia Pacific,Singapore,80 ms,23254 kB/s
8.219.117.198,2087,TRUE,SIN,Asia Pacific,Singapore,72 ms,20110 kB/s
8.219.120.87,2087,TRUE,SIN,Asia Pacific,Singapore,79 ms,24080 kB/s
8.219.122.55,2087,TRUE,SIN,Asia Pacific,Singapore,77 ms,13014 kB/s
8.219.123.11,2087,TRUE,SIN,Asia Pacific,Singapore,79 ms,24 kB/s
8.219.126.240,2087,TRUE,SIN,Asia Pacific,Singapore,81 ms,24784 kB/s
8.219.142.191,2087,TRUE,SIN,Asia Pacific,Singapore,83 ms,22477 kB/s
8.219.147.58,2087,TRUE,SIN,Asia Pacific,Singapore,67 ms,23468 kB/s
8.219.170.232,2087,TRUE,SIN,Asia Pacific,Singapore,84 ms,15696 kB/s
8.219.174.213,2087,TRUE,SIN,Asia Pacific,Singapore,83 ms,23598 kB/s
8.219.177.205,2087,TRUE,SIN,Asia Pacific,Singapore,68 ms,22968 kB/s
8.219.189.143,2087,TRUE,SIN,Asia Pacific,Singapore,70 ms,20488 kB/s
8.219.191.110,2087,TRUE,SIN,Asia Pacific,Singapore,76 ms,21053 kB/s
8.219.191.40,2087,TRUE,SIN,Asia Pacific,Singapore,76 ms,17837 kB/s
8.219.193.202,2087,TRUE,SIN,Asia Pacific,Singapore,81 ms,22137 kB/s
8.219.194.170,2087,TRUE,SIN,Asia Pacific,Singapore,75 ms,21575 kB/s
8.219.199.220,2087,TRUE,SIN,Asia Pacific,Singapore,80 ms,21532 kB/s
8.219.200.145,2087,TRUE,SIN,Asia Pacific,Singapore,73 ms,20639 kB/s
8.219.210.64,2087,TRUE,SIN,Asia Pacific,Singapore,69 ms,10869 kB/s
8.219.222.98,2087,TRUE,SIN,Asia Pacific,Singapore,65 ms,18711 kB/s
8.219.229.190,2087,TRUE,SIN,Asia Pacific,Singapore,73 ms,19592 kB/s
8.219.237.250,2087,TRUE,SIN,Asia Pacific,Singapore,69 ms,22410 kB/s
8.219.40.37,2087,TRUE,SIN,Asia Pacific,Singapore,76 ms,24707 kB/s
8.219.49.65,2087,TRUE,SIN,Asia Pacific,Singapore,71 ms,15680 kB/s
8.219.6.150,2087,TRUE,SIN,Asia Pacific,Singapore,83 ms,23932 kB/s
8.219.60.54,2087,TRUE,SIN,Asia Pacific,Singapore,66 ms,27148 kB/s
8.219.67.133,2087,TRUE,SIN,Asia Pacific,Singapore,71 ms,22922 kB/s
8.219.77.222,2087,TRUE,SIN,Asia Pacific,Singapore,70 ms,22840 kB/s
8.219.78.1,2087,TRUE,SIN,Asia Pacific,Singapore,70 ms,25886 kB/s
8.219.93.5,2087,TRUE,SIN,Asia Pacific,Singapore,75 ms,20422 kB/s
8.219.98.13,2087,TRUE,SIN,Asia Pacific,Singapore,70 ms,14711 kB/s
8.222.137.192,2087,TRUE,SIN,Asia Pacific,Singapore,79 ms,21597 kB/s
8.222.145.43,2087,TRUE,SIN,Asia Pacific,Singapore,84 ms,31 kB/s
8.222.156.242,2087,TRUE,SIN,Asia Pacific,Singapore,71 ms,19154 kB/s
8.222.164.209,2087,TRUE,SIN,Asia Pacific,Singapore,70 ms,21601 kB/s
8.222.169.222,2087,TRUE,SIN,Asia Pacific,Singapore,68 ms,16112 kB/s
8.222.181.117,2087,TRUE,SIN,Asia Pacific,Singapore,84 ms,23475 kB/s
8.222.183.242,2087,TRUE,SIN,Asia Pacific,Singapore,79 ms,26677 kB/s
8.222.191.138,2087,TRUE,SIN,Asia Pacific,Singapore,84 ms,24395 kB/s
8.222.193.65,2087,TRUE,SIN,Asia Pacific,Singapore,82 ms,21101 kB/s
8.222.208.38,2087,TRUE,SIN,Asia Pacific,Singapore,78 ms,19883 kB/s
47.245.114.163,2096,TRUE,SIN,Asia Pacific,Singapore,72 ms,25426 kB/s
47.245.118.70,2096,TRUE,SIN,Asia Pacific,Singapore,88 ms,25113 kB/s
47.245.84.124,2096,TRUE,SIN,Asia Pacific,Singapore,72 ms,25753 kB/s
47.245.86.230,2096,TRUE,SIN,Asia Pacific,Singapore,76 ms,18986 kB/s
47.245.96.80,2096,TRUE,SIN,Asia Pacific,Singapore,74 ms,10374 kB/s
8.219.104.37,2096,TRUE,SIN,Asia Pacific,Singapore,76 ms,12251 kB/s
8.219.11.158,2096,TRUE,SIN,Asia Pacific,Singapore,62 ms,26727 kB/s
8.219.110.248,2096,TRUE,SIN,Asia Pacific,Singapore,83 ms,24 kB/s
8.219.110.81,2096,TRUE,SIN,Asia Pacific,Singapore,83 ms,27792 kB/s
8.219.111.147,2096,TRUE,SIN,Asia Pacific,Singapore,83 ms,10923 kB/s
8.219.117.198,2096,TRUE,SIN,Asia Pacific,Singapore,78 ms,18005 kB/s
8.219.122.55,2096,TRUE,SIN,Asia Pacific,Singapore,79 ms,12105 kB/s
8.219.123.11,2096,TRUE,SIN,Asia Pacific,Singapore,83 ms,25 kB/s
8.219.142.191,2096,TRUE,SIN,Asia Pacific,Singapore,83 ms,25200 kB/s
8.219.147.58,2096,TRUE,SIN,Asia Pacific,Singapore,77 ms,18100 kB/s
8.219.161.129,2096,TRUE,SIN,Asia Pacific,Singapore,75 ms,18125 kB/s
8.219.170.232,2096,TRUE,SIN,Asia Pacific,Singapore,78 ms,14661 kB/s
8.219.174.213,2096,TRUE,SIN,Asia Pacific,Singapore,80 ms,28574 kB/s
8.219.191.110,2096,TRUE,SIN,Asia Pacific,Singapore,75 ms,11899 kB/s
8.219.191.40,2096,TRUE,SIN,Asia Pacific,Singapore,76 ms,16970 kB/s
8.219.193.202,2096,TRUE,SIN,Asia Pacific,Singapore,76 ms,17171 kB/s
8.219.194.170,2096,TRUE,SIN,Asia Pacific,Singapore,73 ms,19494 kB/s
8.219.200.145,2096,TRUE,SIN,Asia Pacific,Singapore,85 ms,12685 kB/s
8.219.201.245,2096,TRUE,SIN,Asia Pacific,Singapore,75 ms,11479 kB/s
8.219.222.98,2096,TRUE,SIN,Asia Pacific,Singapore,72 ms,20698 kB/s
8.219.229.190,2096,TRUE,SIN,Asia Pacific,Singapore,73 ms,22370 kB/s
8.219.237.250,2096,TRUE,SIN,Asia Pacific,Singapore,75 ms,17424 kB/s
8.219.239.79,2096,TRUE,SIN,Asia Pacific,Singapore,79 ms,27 kB/s
8.219.240.160,2096,TRUE,SIN,Asia Pacific,Singapore,76 ms,8255 kB/s
8.219.49.65,2096,TRUE,SIN,Asia Pacific,Singapore,80 ms,26743 kB/s
8.219.50.180,2096,TRUE,SIN,Asia Pacific,Singapore,69 ms,24019 kB/s
8.219.60.54,2096,TRUE,SIN,Asia Pacific,Singapore,71 ms,24681 kB/s
8.219.67.133,2096,TRUE,SIN,Asia Pacific,Singapore,77 ms,20613 kB/s
8.219.77.222,2096,TRUE,SIN,Asia Pacific,Singapore,71 ms,26489 kB/s
8.219.78.1,2096,TRUE,SIN,Asia Pacific,Singapore,74 ms,23601 kB/s
8.219.83.71,2096,TRUE,SIN,Asia Pacific,Singapore,83 ms,21938 kB/s
8.219.97.50,2096,TRUE,SIN,Asia Pacific,Singapore,74 ms,28259 kB/s
8.222.134.170,2096,TRUE,SIN,Asia Pacific,Singapore,72 ms,11820 kB/s
8.222.137.192,2096,TRUE,SIN,Asia Pacific,Singapore,78 ms,19858 kB/s
8.222.145.43,2096,TRUE,SIN,Asia Pacific,Singapore,72 ms,22 kB/s
8.222.164.209,2096,TRUE,SIN,Asia Pacific,Singapore,74 ms,21017 kB/s
8.222.181.117,2096,TRUE,SIN,Asia Pacific,Singapore,68 ms,21277 kB/s
8.222.183.242,2096,TRUE,SIN,Asia Pacific,Singapore,76 ms,20170 kB/s
8.222.191.138,2096,TRUE,SIN,Asia Pacific,Singapore,72 ms,21455 kB/s
8.222.193.65,2096,TRUE,SIN,Asia Pacific,Singapore,70 ms,25322 kB/s
8.222.208.38,2096,TRUE,SIN,Asia Pacific,Singapore,69 ms,24352 kB/s
47.245.96.80,8443,TRUE,SIN,Asia Pacific,Singapore,58 ms,20089 kB/s
8.219.0.48,8443,TRUE,SIN,Asia Pacific,Singapore,74 ms,25653 kB/s
8.219.104.37,8443,TRUE,SIN,Asia Pacific,Singapore,67 ms,19646 kB/s
8.219.106.156,8443,TRUE,SIN,Asia Pacific,Singapore,71 ms,19135 kB/s
8.219.11.158,8443,TRUE,SIN,Asia Pacific,Singapore,59 ms,21953 kB/s
8.219.110.248,8443,TRUE,SIN,Asia Pacific,Singapore,81 ms,25 kB/s
8.219.110.81,8443,TRUE,SIN,Asia Pacific,Singapore,80 ms,22470 kB/s
8.219.111.147,8443,TRUE,SIN,Asia Pacific,Singapore,71 ms,18434 kB/s
8.219.111.175,8443,TRUE,SIN,Asia Pacific,Singapore,146 ms,15250 kB/s
8.219.114.201,8443,TRUE,SIN,Asia Pacific,Singapore,80 ms,25346 kB/s
8.219.117.198,8443,TRUE,SIN,Asia Pacific,Singapore,153 ms,14405 kB/s
8.219.122.55,8443,TRUE,SIN,Asia Pacific,Singapore,72 ms,15806 kB/s
8.219.126.240,8443,TRUE,SIN,Asia Pacific,Singapore,75 ms,14513 kB/s
8.219.147.58,8443,TRUE,SIN,Asia Pacific,Singapore,71 ms,21327 kB/s
8.219.174.142,8443,TRUE,SIN,Asia Pacific,Singapore,78 ms,24604 kB/s
8.219.177.205,8443,TRUE,SIN,Asia Pacific,Singapore,73 ms,16244 kB/s
8.219.194.170,8443,TRUE,SIN,Asia Pacific,Singapore,68 ms,21670 kB/s
8.219.201.245,8443,TRUE,SIN,Asia Pacific,Singapore,143 ms,16046 kB/s
8.219.208.104,8443,TRUE,SIN,Asia Pacific,Singapore,68 ms,24 kB/s
8.219.229.190,8443,TRUE,SIN,Asia Pacific,Singapore,147 ms,22462 kB/s
8.219.237.250,8443,TRUE,SIN,Asia Pacific,Singapore,73 ms,19121 kB/s
8.219.49.65,8443,TRUE,SIN,Asia Pacific,Singapore,82 ms,22808 kB/s
8.219.6.150,8443,TRUE,SIN,Asia Pacific,Singapore,75 ms,24884 kB/s
8.219.98.13,8443,TRUE,SIN,Asia Pacific,Singapore,68 ms,24815 kB/s
8.222.137.192,8443,TRUE,SIN,Asia Pacific,Singapore,75 ms,18971 kB/s
8.222.145.43,8443,TRUE,SIN,Asia Pacific,Singapore,80 ms,27 kB/s
8.222.156.242,8443,TRUE,SIN,Asia Pacific,Singapore,78 ms,18497 kB/s
8.222.169.222,8443,TRUE,SIN,Asia Pacific,Singapore,75 ms,19020 kB/s
8.222.181.117,8443,TRUE,SIN,Asia Pacific,Singapore,81 ms,23460 kB/s
8.222.183.242,8443,TRUE,SIN,Asia Pacific,Singapore,160 ms,8897 kB/s
8.222.191.138,8443,TRUE,SIN,Asia Pacific,Singapore,79 ms,23694 kB/s
8.222.193.65,8443,TRUE,SIN,Asia Pacific,Singapore,76 ms,23315 kB/s
8.222.208.38,8443,TRUE,SIN,Asia Pacific,Singapore,77 ms,18782 kB/s
138.2.18.184,80,FALSE,NRT,Asia Pacific,Tokyo,159 ms,898 kB/s
140.238.1.161,2052,FALSE,NRT,Asia Pacific,Tokyo,70 ms,15411 kB/s
8.219.153.237,2052,FALSE,NRT,Asia Pacific,Tokyo,159 ms,15532 kB/s
8.219.66.156,2052,FALSE,NRT,Asia Pacific,Tokyo,167 ms,10569 kB/s
8.219.153.237,2082,FALSE,NRT,Asia Pacific,Tokyo,189 ms,10512 kB/s
8.219.66.156,2086,FALSE,NRT,Asia Pacific,Tokyo,181 ms,12029 kB/s
8.219.153.237,2095,FALSE,NRT,Asia Pacific,Tokyo,177 ms,11748 kB/s
8.219.153.237,8080,FALSE,NRT,Asia Pacific,Tokyo,163 ms,17142 kB/s
8.219.66.156,8080,FALSE,NRT,Asia Pacific,Tokyo,165 ms,13375 kB/s
146.56.182.4,8880,FALSE,NRT,Asia Pacific,Tokyo,69 ms,10099 kB/s
8.219.153.237,8880,FALSE,NRT,Asia Pacific,Tokyo,177 ms,10203 kB/s
8.219.66.156,8880,FALSE,NRT,Asia Pacific,Tokyo,168 ms,16359 kB/s
131.186.33.175,443,TRUE,NRT,Asia Pacific,Tokyo,161 ms,7208 kB/s
131.186.62.248,443,TRUE,NRT,Asia Pacific,Tokyo,160 ms,0 kB/s
132.226.7.217,443,TRUE,NRT,Asia Pacific,Tokyo,157 ms,0 kB/s
138.3.210.24,443,TRUE,NRT,Asia Pacific,Tokyo,158 ms,0 kB/s
138.3.222.33,443,TRUE,NRT,Asia Pacific,Tokyo,170 ms,8336 kB/s
140.83.37.223,443,TRUE,NRT,Asia Pacific,Tokyo,161 ms,0 kB/s
150.230.221.148,443,TRUE,NRT,Asia Pacific,Tokyo,163 ms,0 kB/s
152.70.234.188,443,TRUE,NRT,Asia Pacific,Tokyo,77 ms,7531 kB/s
158.101.71.60,443,TRUE,NRT,Asia Pacific,Tokyo,155 ms,0 kB/s
132.145.127.203,2053,TRUE,NRT,Asia Pacific,Tokyo,164 ms,85 kB/s
140.238.58.181,2053,TRUE,NRT,Asia Pacific,Tokyo,164 ms,333 kB/s
132.145.127.203,8443,TRUE,NRT,Asia Pacific,Tokyo,161 ms,85 kB/s
140.238.12.52,8443,TRUE,NRT,Asia Pacific,Tokyo,66 ms,18816 kB/s
168.138.197.97,8443,TRUE,NRT,Asia Pacific,Tokyo,161 ms,830 kB/s
132.145.134.230,80,FALSE,IAD,North America,Ashburn,233 ms,355 kB/s
129.159.84.71,443,TRUE,IAD,North America,Ashburn,250 ms,3424 kB/s
132.145.134.230,443,TRUE,IAD,North America,Ashburn,237 ms,6493 kB/s
150.136.87.192,443,TRUE,IAD,North America,Ashburn,233 ms,0 kB/s
47.253.105.131,443,TRUE,IAD,North America,Ashburn,252 ms,4161 kB/s
47.253.56.77,443,TRUE,IAD,North America,Ashburn,232 ms,5305 kB/s
129.159.120.244,2053,TRUE,IAD,North America,Ashburn,245 ms,7691 kB/s
129.159.120.244,8443,TRUE,IAD,North America,Ashburn,236 ms,7276 kB/s
129.159.83.88,8443,TRUE,IAD,North America,Ashburn,233 ms,4803 kB/s
150.136.241.40,8443,TRUE,IAD,North America,Ashburn,238 ms,7289 kB/s
47.90.141.204,80,FALSE,LAX,North America,Los Angeles,234 ms,5954 kB/s
129.146.46.164,443,TRUE,LAX,North America,Los Angeles,222 ms,12313 kB/s
129.146.7.98,443,TRUE,LAX,North America,Los Angeles,188 ms,9150 kB/s
129.153.119.97,443,TRUE,LAX,North America,Los Angeles,197 ms,0 kB/s
158.101.15.48,443,TRUE,LAX,North America,Los Angeles,203 ms,0 kB/s
158.101.24.17,443,TRUE,LAX,North America,Los Angeles,187 ms,8913 kB/s
47.90.141.204,443,TRUE,LAX,North America,Los Angeles,230 ms,5298 kB/s
129.146.242.24,2053,TRUE,LAX,North America,Los Angeles,207 ms,8523 kB/s
129.146.137.89,2096,TRUE,LAX,North America,Los Angeles,195 ms,8704 kB/s
158.101.11.22,8443,TRUE,LAX,North America,Los Angeles,220 ms,7807 kB/s
149.129.8.215,80,FALSE,SJC,North America,San Jose,232 ms,1589 kB/s
47.57.14.118,80,FALSE,SJC,North America,San Jose,61 ms,167 kB/s
47.57.245.232,80,FALSE,SJC,North America,San Jose,58 ms,575 kB/s
8.209.119.190,80,FALSE,SJC,North America,San Jose,257 ms,6753 kB/s
8.219.77.141,80,FALSE,SJC,North America,San Jose,92 ms,9242 kB/s
8.212.41.98,8080,FALSE,SJC,North America,San Jose,83 ms,10341 kB/s
150.230.44.13,443,TRUE,SJC,North America,San Jose,194 ms,0 kB/s
152.67.249.123,443,TRUE,SJC,North America,San Jose,163 ms,9740 kB/s
155.248.202.141,443,TRUE,SJC,North America,San Jose,198 ms,8842 kB/s
155.248.206.110,443,TRUE,SJC,North America,San Jose,189 ms,0 kB/s
165.1.65.75,443,TRUE,SJC,North America,San Jose,185 ms,0 kB/s
192.18.143.199,443,TRUE,SJC,North America,San Jose,151 ms,0 kB/s
150.230.44.131,8443,TRUE,SJC,North America,San Jose,181 ms,0 kB/s
152.67.232.185,8443,TRUE,SJC,North America,San Jose,177 ms,10783 kB/s
152.70.123.225,8443,TRUE,SJC,North America,San Jose,249 ms,10507 kB/s
192.9.246.112,8443,TRUE,SJC,North America,San Jose,187 ms,9116 kB/s
